gtdb_species_clade_id,total_clusters,annotated_clusters,cog_annotated_clusters,cog_fraction,any_anno_fraction,species_lifestyle,phylum
s__Streptococcus_anginosus--RS_GCF_900636475.1,10737,7556,6349,0.5913197354940859,0.7037347489987892,host_associated,p__Bacillota
s__Acinetobacter_towneri--RS_GCF_000368785.1,13619,9430,7557,0.554886555547397,0.6924150084440854,host_associated,p__Pseudomonadota
s__Gordonibacter_urolithinfaciens--RS_GCF_900199375.1,7939,4922,4524,0.5698450686484444,0.6199773271192845,host_associated,p__Actinomycetota
s__UBA2262_sp903869265--GB_GCA_903869265.1,4055,2769,2636,0.6500616522811344,0.6828606658446362,free_living,p__Desulfobacterota
s__Ruminococcus_sp002438605--GB_GCA_002438605.1,4827,3171,2887,0.5980940542780194,0.6569297700435053,host_associated,p__Bacillota_A
s__Streptococcus_equi--GB_GCA_900637675.1,17743,8000,6875,0.38747675139491633,0.4508820379868117,host_associated,p__Bacillota
s__Nitrospira_A_sp900170025--RS_GCF_900170025.1,16835,6734,6397,0.37998217998218,0.4,free_living,p__Nitrospirota
s__UBA1723_sp002371265--GB_GCA_002371265.1,8332,4131,3752,0.45031204992798846,0.4957993278924628,host_associated,p__Bacteroidota
s__Macrococcus_B_caseolyticus--RS_GCF_002902665.1,8113,4903,4474,0.5514606187600148,0.6043387156415629,host_associated,p__Bacillota
s__Nitrosopumilus_sp018674605--GB_GCA_018674605.1,3594,2069,1676,0.46633277685030605,0.5756816917084029,free_living,p__Thermoproteota
s__Clostridium_H_botulinum_B--RS_GCF_000204565.1,5322,3685,3161,0.5939496429913567,0.6924088688462984,host_associated,p__Bacillota_A
s__Streptococcus_pyogenes--RS_GCF_002055535.1,22629,8923,7934,0.3506120464890185,0.3943170268239869,host_associated,p__Bacillota
s__Blautia_A_caecimuris--RS_GCF_024622975.1,8111,6500,5937,0.7319689310812477,0.8013808408334361,host_associated,p__Bacillota_A
s__ISDg_sp902787715--GB_GCA_902787715.1,6614,3426,3273,0.49485938917447836,0.5179921378893256,host_associated,p__Bacillota_A
s__Porphyromonas_gingivalis--RS_GCF_000010505.1,9639,4542,4011,0.41612200435729846,0.47121070650482416,host_associated,p__Bacteroidota
s__Pseudomonas_E_juntendi--RS_GCF_009932375.1,23103,14684,12379,0.535817859152491,0.6355884517162274,host_associated,p__Pseudomonadota
s__Butyrivibrio_sp015258065--GB_GCA_015258065.1,7265,4199,3971,0.5465932553337921,0.5779766001376463,host_associated,p__Bacillota_A
s__Streptococcus_pneumoniae--RS_GCF_001457635.1,116845,31691,26484,0.22665924943300955,0.2712225598014464,host_associated,p__Bacillota
s__HTCC2207_sp001438605--GB_GCA_001438605.1,4692,3210,3134,0.6679454390451833,0.6841432225063938,free_living,p__Pseudomonadota
s__Brevundimonas_aurantiaca--RS_GCF_014199955.1,8673,5953,5400,0.6226219301279834,0.6863830277873861,free_living,p__Pseudomonadota
s__Ureaplasma_parvum--RS_GCF_000019345.1,1013,600,556,0.5488647581441264,0.5923000987166831,host_associated,p__Bacillota
s__Streptomyces_griseus--RS_GCF_900460065.1,13682,9981,8604,0.628855430492618,0.7294986113141354,free_living,p__Actinomycetota
s__Brachyspira_hyodysenteriae--RS_GCF_001676785.2,6638,3104,2926,0.4407954203073215,0.467610726122326,host_associated,p__Spirochaetota
s__Listeria_seeligeri--RS_GCF_000027145.1,11450,6603,5582,0.4875109170305677,0.5766812227074236,free_living,p__Bacillota
s__Allorhizobium_vitis--RS_GCF_001541345.2,9597,7798,7104,0.7402313222882151,0.812545587162655,host_associated,p__Pseudomonadota
s__Erwinia_rhapontici--RS_GCF_012271765.1,9614,7393,6727,0.6997087580611608,0.768982733513626,host_associated,p__Pseudomonadota
s__Thioalkalivibrio_halophilus--RS_GCF_001995255.1,5589,4369,4027,0.7205224548219717,0.7817140812309894,free_living,p__Pseudomonadota
s__Klebsiella_quasipneumoniae--RS_GCF_020525925.1,78755,38495,32744,0.4157704272744588,0.4887943622627135,host_associated,p__Pseudomonadota
s__Cryptobacteroides_sp900544195--GB_GCA_900544195.1,6000,3464,3189,0.5315,0.5773333333333334,host_associated,p__Bacteroidota
s__NSJ-61_sp003433845--RS_GCF_014337235.1,8131,5794,5205,0.6401426638789817,0.7125814782929529,host_associated,p__Bacillota
s__Cryptobacteroides_sp004556005--GB_GCA_004556005.1,4333,2626,2542,0.5866605123471036,0.60604661897069,host_associated,p__Bacteroidota
s__CAIXEA01_sp903895595--GB_GCA_903895595.1,10570,6521,6267,0.5929044465468306,0.6169347209082309,free_living,p__Pseudomonadota
s__Eubacterium_R_faecale--GB_GCA_000431535.1,4831,3064,2829,0.5855930449182364,0.6342372179672946,host_associated,p__Bacillota_A
s__Veillonella_atypica--RS_GCF_002959915.1,8517,4946,4561,0.535517200892333,0.5807209111189386,host_associated,p__Bacillota_C
s__Acinetobacter_modestus--RS_GCF_014636095.1,7333,5994,4603,0.627710350470476,0.8174007909450429,host_associated,p__Pseudomonadota
s__UBA1539_sp002788135--GB_GCA_002788135.1,1309,556,539,0.4117647058823529,0.4247517188693659,free_living,p__Patescibacteria
s__Paenibacillus_cellulositrophicus_A--RS_GCF_009363095.1,14716,10284,9381,0.6374694210383256,0.6988312041315575,free_living,p__Bacillota
s__Pseudomonas_E_siliginis--RS_GCF_019145195.1,9909,7902,6790,0.6852356443637098,0.7974568574023615,host_associated,p__Pseudomonadota
s__Schaedlerella_arabinosiphila--RS_GCF_003885045.1,12756,10117,8728,0.6842270304170587,0.7931169645656946,host_associated,p__Bacillota_A
s__Schaedlerella_glycyrrhizinilytica_A--RS_GCF_015560805.1,7320,5535,5018,0.6855191256830601,0.7561475409836066,host_associated,p__Bacillota_A
s__Listeria_innocua--RS_GCF_024721565.1,10152,6645,5584,0.5500394011032309,0.6545508274231678,free_living,p__Bacillota
s__Novosphingobium_acidiphilum--RS_GCF_000429005.1,11326,6513,6156,0.5435281652834186,0.5750485608334804,free_living,p__Pseudomonadota
s__Staphylococcus_capitis--RS_GCF_002902325.1,14056,6589,5677,0.4038844621513944,0.4687677859988617,host_associated,p__Bacillota
s__MGIIb-O1_sp002502175--GB_GCA_002502175.1,3119,1262,1230,0.39435716575825586,0.40461686437960886,free_living,p__Thermoplasmatota
s__Sulfurimonas_sp002781365--GB_GCA_002781365.1,2817,2218,2021,0.7174298899538516,0.787362442314519,free_living,p__Campylobacterota
s__TCS55_sp018647265--GB_GCA_018647265.1,4841,2970,2861,0.5909935963643875,0.6135096054534187,free_living,p__Marinisomatota
s__Staphylococcus_gallinarum--RS_GCF_000875895.1,8210,4790,4305,0.5243605359317906,0.5834348355663824,host_associated,p__Bacillota
s__Streptomyces_sp000177195--RS_GCF_000177195.2,10683,8464,7267,0.680239633061874,0.7922868108209304,host_associated,p__Actinomycetota
s__Rhodococcus_sp000686025--RS_GCF_000686025.1,7637,6406,5779,0.7567107502946183,0.8388110514599973,host_associated,p__Actinomycetota
s__Bifidobacterium_pseudocatenulatum--RS_GCF_001025215.1,16437,7588,6455,0.39271156537080976,0.46164141875038023,host_associated,p__Actinomycetota
s__UBA1217_sp902788805--GB_GCA_902788805.1,8943,3994,3659,0.4091468187409147,0.44660628424466065,host_associated,p__Bacteroidota
s__CAIVUX01_sp903909215--GB_GCA_903909215.1,5114,2997,2935,0.5739147438404381,0.5860383261634728,free_living,p__Pseudomonadota
s__PALSA-747_sp903852585--GB_GCA_903852585.1,3345,2167,2126,0.635575485799701,0.6478325859491779,free_living,p__Actinomycetota
s__Campylobacter_D_jejuni--RS_GCF_001457695.1,51357,13663,12589,0.24512724652919757,0.2660396830032907,host_associated,p__Campylobacterota
s__Marinobacter_salarius--GB_GCA_000831005.1,13471,9233,8363,0.6208150842550665,0.6853982629351941,free_living,p__Pseudomonadota
s__Pseudomonas_E_helleri--RS_GCF_001043025.1,17818,11739,10295,0.5777865080255921,0.6588281513076664,host_associated,p__Pseudomonadota
s__Bacillus_A_anthracis--RS_GCF_000742895.1,49533,22907,19692,0.397553146387257,0.462459370520663,host_associated,p__Bacillota
s__Staphylococcus_felis--RS_GCF_003012915.1,6208,3434,3135,0.504993556701031,0.5531572164948454,host_associated,p__Bacillota
s__Fusobacterium_nucleatum--GB_GCA_000007325.1,3745,2930,2501,0.6678237650200267,0.7823765020026703,host_associated,p__Fusobacteriota
s__Hamiltonella_defensa--RS_GCF_000021705.1,6534,3126,2892,0.4426078971533517,0.47842056932966026,host_associated,p__Pseudomonadota
s__HIMB30_sp002691485--GB_GCA_009886945.1,6056,3982,3884,0.6413474240422721,0.6575297225891678,free_living,p__Pseudomonadota
s__Methanobrevibacter_sp900314635--GB_GCA_900314635.1,7851,3487,3265,0.4158705897337919,0.44414724238950454,host_associated,p__Methanobacteriota
s__CAJBEZ01_sp903952205--GB_GCA_903952205.1,13063,6018,5748,0.44002143458623594,0.46069049988517186,free_living,p__Desulfobacterota
s__C7867-002_sp903872035--GB_GCA_903872035.1,2204,846,813,0.3688747731397459,0.3838475499092559,free_living,p__Patescibacteria
s__Clostridium_AP_scindens--RS_GCF_004295125.1,7133,5705,5004,0.7015281087901304,0.7998037291462218,host_associated,p__Bacillota_A
s__Kocuria_palustris--RS_GCF_016907795.1,5558,3984,3658,0.6581504138179202,0.7168046059733717,host_associated,p__Actinomycetota
s__Campylobacter_lanienae--RS_GCF_002139935.1,4258,2561,2330,0.5472052606857679,0.6014560826679192,host_associated,p__Campylobacterota
s__Burkholderia_ubonensis--RS_GCF_902833085.1,55870,27967,23785,0.42572042240916413,0.5005727581886522,free_living,p__Pseudomonadota
s__Corynebacterium_silvaticum--RS_GCF_004382825.2,2901,2221,1979,0.6821785591175457,0.7655980696311616,host_associated,p__Actinomycetota
s__Clostridioides_sp020641055--RS_GCF_020641055.1,10238,6499,5621,0.5490330142605978,0.6347919515530377,free_living,p__Bacillota_A
s__Corynebacterium_sp008930665--RS_GCF_008930665.1,2615,2242,2054,0.7854684512428298,0.8573613766730401,host_associated,p__Actinomycetota
s__Fen-1308_sp003170655--GB_GCA_003170655.1,12440,5492,5300,0.42604501607717044,0.4414790996784566,free_living,p__Nitrospirota
s__MAG-120531_sp000173115--GB_GCA_000173115.1,8191,4456,4277,0.5221584666096936,0.5440117201806861,free_living,p__Bacteroidota
s__Serratia_ureilytica--RS_GCF_013375155.1,23853,15005,13001,0.5450467446442795,0.6290613340041085,host_associated,p__Pseudomonadota
s__Limosilactobacillus_reuteri--RS_GCF_000016825.1,25389,11619,10192,0.4014336917562724,0.4576391350584899,host_associated,p__Bacillota
s__Slackia_A_isoflavoniconvertens--RS_GCF_003725955.1,6825,3783,3559,0.5214652014652015,0.5542857142857143,host_associated,p__Actinomycetota
s__MED-G52_sp002457055--GB_GCA_002457055.1,5406,4021,3901,0.7216056233814281,0.7438031816500185,free_living,p__Pseudomonadota
s__Psychrobacter_pacificensis--RS_GCF_900101915.1,7496,4379,4071,0.5430896478121665,0.5841782283884739,free_living,p__Pseudomonadota
s__Streptococcus_sp000187445--GB_GCA_010604095.1,6645,4346,3990,0.600451467268623,0.654025583145222,host_associated,p__Bacillota
s__Blautia_hansenii--RS_GCF_002222595.2,5266,4383,3914,0.7432586403342195,0.8323205469046715,host_associated,p__Bacillota_A
s__Phocaeicola_plebeius--RS_GCF_000187895.1,12235,8813,7372,0.6025337147527585,0.7203105843890478,host_associated,p__Bacteroidota
s__Enterococcus_B_lactis--RS_GCF_015751045.1,27306,13511,11527,0.4221416538489709,0.494799677726507,host_associated,p__Bacillota
s__Anaerotardibacter_sp000436075--GB_GCA_000436075.1,4927,2628,2522,0.5118733509234829,0.5333874568703064,host_associated,p__Actinomycetota
s__Campylobacter_A_concisus_C--RS_GCF_003048615.2,6407,3407,2852,0.44513813017012643,0.5317621351646636,host_associated,p__Campylobacterota
s__Marivita_cryptomonadis--RS_GCF_002115725.1,5491,4764,4414,0.8038608632307412,0.8676015297759971,host_associated,p__Pseudomonadota
s__Haloferax_volcanii--RS_GCF_000025685.1,8763,5673,4496,0.5130663014949218,0.6473810338925026,free_living,p__Halobacteriota
s__Campylobacter_sp002139915--RS_GCF_002139915.1,4895,2735,2503,0.5113381001021451,0.5587334014300307,host_associated,p__Campylobacterota
s__Pseudomonas_E_extremorientalis--RS_GCF_001870465.1,8307,7056,6372,0.7670639219934995,0.8494041170097508,free_living,p__Pseudomonadota
s__Cryptobacteroides_sp900546445--GB_GCA_900546445.1,3952,2376,2231,0.5645242914979757,0.6012145748987854,host_associated,p__Bacteroidota
s__UBA2645_sp903937405--GB_GCA_903937405.1,3742,1974,1897,0.5069481560662747,0.5275253874933191,free_living,p__Pseudomonadota
s__Flavonifractor_avistercoris--RS_GCF_002161215.1,7512,5187,4721,0.6284611288604899,0.6904952076677316,host_associated,p__Bacillota_A
s__CAG-488_sp000434055--GB_GCA_000434055.1,5987,3279,3000,0.5010856856522465,0.5476866544179054,host_associated,p__Bacillota_A
s__Faecalibacterium_prausnitzii_I--RS_GCF_003287495.1,6138,4213,3913,0.637504072987944,0.6863799283154122,host_associated,p__Bacillota_A
s__Sphaerochaeta_sp002432715--GB_GCA_002432715.1,11835,5613,5273,0.4455428812843262,0.47427122940430927,free_living,p__Spirochaetota
s__UBA12115_sp003514055--GB_GCA_003514055.1,1244,523,505,0.4059485530546624,0.4204180064308682,free_living,p__Patescibacteria
s__Streptomyces_asiaticus--RS_GCF_018138715.1,21646,16098,13988,0.646216391019126,0.7436939850318766,free_living,p__Actinomycetota
s__Corynebacterium_aurimucosum_C--RS_GCF_007672725.1,5537,3814,3235,0.5842513996749142,0.688820661007766,host_associated,p__Actinomycetota
s__Prevotella_sp003447235--GB_GCA_003447235.1,11379,5572,4973,0.43703313120660864,0.48967396080499165,host_associated,p__Bacteroidota
s__CAG-302_sp000431795--GB_GCA_000431795.1,2613,1265,1203,0.46039035591274396,0.4841178721775737,host_associated,p__Bacillota
s__Enterobacter_cloacae--RS_GCF_000025565.1,41416,24270,19814,0.4784141394630095,0.5860054085377632,host_associated,p__Pseudomonadota
s__Actinomyces_oris--RS_GCF_006546825.1,5108,4043,3340,0.653876272513704,0.7915035238841034,host_associated,p__Actinomycetota
s__Morganella_morganii_A--RS_GCF_019242955.1,8440,6148,5487,0.6501184834123223,0.728436018957346,host_associated,p__Pseudomonadota
s__Paraburkholderia_domus--RS_GCF_905220705.1,14261,11198,9890,0.6934997545754155,0.7852184278802328,free_living,p__Pseudomonadota
s__Gluconobacter_oxydans--RS_GCF_006539685.1,5650,3933,3669,0.6493805309734513,0.6961061946902655,host_associated,p__Pseudomonadota
s__Pseudomonas_E_shirazensis--RS_GCF_014268785.2,10084,7615,6837,0.6780047600158667,0.7551566838556129,free_living,p__Pseudomonadota
s__Aeromonas_enteropelogenes--RS_GCF_000819845.1,6628,5272,4870,0.7347616173808087,0.7954133977066988,host_associated,p__Pseudomonadota
s__Prochlorococcus_A_marinus_Q--GB_GCA_000218705.1,4825,3215,3006,0.6230051813471502,0.666321243523316,free_living,p__Cyanobacteriota
s__Kosakonia_cowanii--RS_GCF_001975225.1,10240,7514,6678,0.6521484375,0.7337890625,host_associated,p__Pseudomonadota
s__Mycoplasmoides_pneumoniae--RS_GCF_001272835.1,2752,875,803,0.2917877906976744,0.3179505813953488,host_associated,p__Bacillota
s__Faecalibacterium_longum--RS_GCF_020687245.1,31271,17844,16052,0.5133190495986697,0.5706245403089124,host_associated,p__Bacillota_A
s__Bacteroides_salyersiae--RS_GCF_000381365.1,19702,13679,11630,0.590295401482083,0.6942949954319358,host_associated,p__Bacteroidota
s__Phil1_sp004558525--GB_GCA_004558525.1,3933,2574,2401,0.6104754640223747,0.6544622425629291,host_associated,p__Bacillota_A
s__Blastomonas_delafieldii_A--GB_GCA_001555775.1,10310,7060,6263,0.6074684772065956,0.6847720659553831,free_living,p__Pseudomonadota
s__Ornithospirochaeta_sp002406055--GB_GCA_002406055.1,5891,3027,2832,0.48073332201663554,0.5138346630453233,host_associated,p__Spirochaetota
s__Elizabethkingia_miricola--RS_GCF_001675285.1,10407,7218,5674,0.5452099548380898,0.6935716344767945,host_associated,p__Bacteroidota
s__Parageobacillus_toebii--RS_GCF_003688615.2,7804,5697,4982,0.6383905689390056,0.7300102511532548,free_living,p__Bacillota
s__Ralstonia_sp001078575--GB_GCA_022631215.1,8181,6425,5800,0.7089597848673757,0.7853563134091187,free_living,p__Pseudomonadota
s__Thiopontia_sp018658305--GB_GCA_018658305.1,2796,1989,1914,0.6845493562231759,0.7113733905579399,free_living,p__Pseudomonadota
s__Pseudonocardia_alni--GB_GCA_002813375.1,14294,9174,8646,0.6048691758779907,0.6418077515041276,host_associated,p__Actinomycetota
s__Yersinia_enterocolitica--RS_GCF_901472495.1,24347,14871,12514,0.5139852959296833,0.6107939376514561,host_associated,p__Pseudomonadota
s__Pseudoalteromonas_rhizosphaerae--RS_GCF_902498845.1,10565,7487,6340,0.6000946521533365,0.7086606720302887,free_living,p__Pseudomonadota
s__Clostridium_AD_estertheticum--RS_GCF_001877035.1,14990,9604,8353,0.557238158772515,0.6406937958639093,host_associated,p__Bacillota_A
s__Methylopumilus_universalis--RS_GCF_006365315.1,4332,2917,2825,0.6521237303785781,0.6733610341643582,free_living,p__Pseudomonadota
s__Pseudoalteromonas_atlantica--GB_GCA_007988745.1,13130,8561,7383,0.5623000761614623,0.652018278750952,free_living,p__Pseudomonadota
s__Spyradocola_merdavium--GB_GCA_904393115.1,6938,3858,3745,0.539780916690689,0.5560680311328913,host_associated,p__Bacillota_A
s__F23-B02_sp004556755--GB_GCA_004556755.1,4328,2620,2446,0.5651571164510166,0.6053604436229205,host_associated,p__Bacillota_A
s__Methanobrevibacter_A_sp900314695--GB_GCA_900314695.1,11311,4579,4234,0.37432587746441515,0.4048271594023517,host_associated,p__Methanobacteriota
s__RAAP-2_sp903825035--GB_GCA_903825035.1,4808,2586,2499,0.5197587354409318,0.5378535773710482,free_living,p__Actinomycetota
s__Lactobacillus_gallinarum--RS_GCF_001434975.1,6037,4038,3520,0.5830710617856552,0.6688752691734305,host_associated,p__Bacillota
s__Vescimonas_coprocola--RS_GCF_018408575.1,6674,4227,3836,0.5747677554689841,0.6333533113575067,host_associated,p__Bacillota_A
s__Accumulibacter_cognatus--GB_GCA_013414765.1,9269,5771,5305,0.5723379005286439,0.6226130111123098,free_living,p__Pseudomonadota
s__SUP05_sp000205985--GB_GCA_000205985.2,3506,2313,2243,0.6397604107244723,0.6597261836851113,free_living,p__Pseudomonadota
s__BACL14_sp018657165--GB_GCA_018657165.1,3371,2132,2097,0.6220706021951943,0.6324532779590626,free_living,p__Pseudomonadota
s__JAABQG01_sp016721925--GB_GCA_016721925.1,12298,6859,6437,0.5234184420230932,0.5577329647097089,free_living,p__Pseudomonadota
s__NS-7_sp020028195--GB_GCA_020028195.1,10490,4708,4500,0.42897998093422307,0.4488083889418494,free_living,p__Nitrospirota
s__Salinivibrio_proteolyticus--RS_GCF_001996165.1,6243,4841,4392,0.703507928880346,0.7754284798974852,free_living,p__Pseudomonadota
s__KLE1615_sp900066985--GB_GCA_003478935.1,19974,11752,10456,0.5234805246820867,0.5883648743366376,host_associated,p__Bacillota_A
s__Veillonella_A_sp000431435--RS_GCF_023051165.1,6710,4075,3762,0.5606557377049181,0.6073025335320418,host_associated,p__Bacillota_C
s__Vulcanococcus_sp000179255--RS_GCF_023078835.1,5638,3554,3212,0.5697055693508336,0.6303653777935438,free_living,p__Cyanobacteriota
s__Exiguobacterium_chiriqhucha--RS_GCF_000416965.1,6431,4741,4307,0.6697247706422018,0.7372103871870627,free_living,p__Bacillota
s__Bradyrhizobium_canariense_D--RS_GCF_021052305.1,38274,21943,18574,0.48529027538276637,0.5733134765114699,host_associated,p__Pseudomonadota
s__Klebsiella_pneumoniae--RS_GCF_000742135.1,443124,119016,105172,0.23734214350836336,0.26858396295393616,host_associated,p__Pseudomonadota
s__Salinivibrio_costicola--GB_GCA_000565345.1,7464,5051,4726,0.6331725616291533,0.6767148981779206,free_living,p__Pseudomonadota
s__Acidaminococcus_intestini--RS_GCF_000425045.1,6107,4383,3898,0.6382839364663501,0.7177009988537744,host_associated,p__Bacillota_C
s__Parasutterella_gallistercoris--GB_GCA_000980495.1,5836,3664,3342,0.5726525017135023,0.6278272789581906,host_associated,p__Pseudomonadota
s__Prevotella_sp900546535--RS_GCF_009494395.1,10991,6688,5927,0.539259394049677,0.6084978618869985,host_associated,p__Bacteroidota
s__Fimenecus_sp004556705--GB_GCA_004556705.1,7323,4214,3803,0.519322681960945,0.5754472210842551,host_associated,p__Bacillota_A
s__Prevotella_sp900313215--RS_GCF_009495355.1,25423,12112,10698,0.4208000629351375,0.47641899067773275,host_associated,p__Bacteroidota
s__RAAP-2_sp903830655--GB_GCA_903830655.1,2853,1718,1661,0.5821941815632667,0.6021731510690501,free_living,p__Actinomycetota
s__Bifidobacterium_pullorum_B--RS_GCF_000741215.1,6549,4176,3742,0.5713849442663002,0.6376546037562987,host_associated,p__Actinomycetota
s__Acidovorax_A_avenae--RS_GCF_000176855.2,14157,6962,6262,0.4423253514162605,0.49177085540721904,host_associated,p__Pseudomonadota
s__Venatoribacter_alkanivorans--RS_GCF_020447205.1,7487,4971,4597,0.6139975958327768,0.6639508481367704,free_living,p__Pseudomonadota
s__Acinetobacter_pittii_H--RS_GCF_002928115.1,6816,5733,4654,0.6828051643192489,0.8411091549295775,host_associated,p__Pseudomonadota
s__UBA9973_sp000999465--GB_GCA_000999465.1,1623,762,733,0.45163277880468267,0.46950092421441775,free_living,p__Patescibacteria
s__Fischerella_thermalis--RS_GCF_000317225.1,15579,8570,7599,0.48777200077026767,0.5500994929071186,free_living,p__Cyanobacteriota
s__Chlamydophila_pecorum--RS_GCF_000204135.1,1322,929,891,0.6739788199697428,0.7027231467473525,host_associated,p__Chlamydiota
s__Mobiluncus_mulieris--RS_GCF_000160615.1,4885,2957,2666,0.5457523029682703,0.6053224155578301,host_associated,p__Actinomycetota
s__Vibrio_rotiferianus--RS_GCF_002741985.1,10955,8169,7041,0.6427202190780466,0.7456869009584665,host_associated,p__Pseudomonadota
s__Streptomyces_sioyaensis--RS_GCF_004122735.1,13735,10944,9104,0.6628321805606116,0.7967965052784857,free_living,p__Actinomycetota
s__Prevotella_sp900315455--GB_GCA_900315455.1,8400,4735,4314,0.5135714285714286,0.5636904761904762,host_associated,p__Bacteroidota
s__CAG-791_sp900101015--RS_GCF_900101015.1,19427,9218,8613,0.4433520358264271,0.4744942605651928,host_associated,p__Bacillota_A
s__Lactobacillus_gasseri--RS_GCF_000014425.1,6332,4026,3590,0.5669614655716994,0.6358180669614656,host_associated,p__Bacillota
s__Butyrivibrio_fibrisolvens_C--RS_GCF_023206215.1,10894,7717,6685,0.6136405360749037,0.7083715806866164,host_associated,p__Bacillota_A
s__Aquarickettsia_rohweri--RS_GCF_003953955.1,2931,1333,1305,0.4452405322415558,0.45479358580689183,host_associated,p__Pseudomonadota
s__Bacillus_H_clausii--RS_GCF_002250115.1,8017,5562,5082,0.6339029562180367,0.6937757265810154,free_living,p__Bacillota
s__Dermatophilus_congolensis_A--RS_GCF_900447215.1,3257,2038,1949,0.5984034387473135,0.6257291986490635,host_associated,p__Actinomycetota
s__Aggregatibacter_kilianii--RS_GCF_003130255.1,2954,2537,2360,0.7989167230873392,0.8588354773188897,host_associated,p__Pseudomonadota
s__Enterococcus_faecalis--RS_GCF_000392875.1,68791,29353,25089,0.36471340727711477,0.4266982599467954,host_associated,p__Bacillota
s__CAG-882_sp003486385--GB_GCA_003486385.1,6643,4483,4024,0.6057504139695921,0.6748457022429625,host_associated,p__Bacillota_A
s__Prevotella_sp900552515--RS_GCF_021531355.1,6696,4329,3969,0.592741935483871,0.646505376344086,host_associated,p__Bacteroidota
s__UBA4334_sp900316505--GB_GCA_900316505.1,18436,7957,7283,0.3950423085267954,0.43160121501410287,host_associated,p__Bacteroidota
s__UBA2804_sp900319705--GB_GCA_900319705.1,6251,3232,3016,0.48248280275155975,0.5170372740361542,host_associated,p__Pseudomonadota
s__AAA044-D11_sp903842675--GB_GCA_903842675.1,5960,3392,3341,0.5605704697986578,0.5691275167785235,free_living,p__Actinomycetota
s__Alistipes_excrementavium--RS_GCF_900021155.1,4651,2627,2444,0.525478391743711,0.5648247688669104,host_associated,p__Bacteroidota
s__COE1_sp001916965--GB_GCA_001916965.1,8882,5911,5317,0.5986264354875028,0.6655032650303986,host_associated,p__Bacillota_A
s__Intestinimonas_butyriciproducens--RS_GCF_004154955.1,11426,8143,6837,0.5983721337300892,0.7126728513915631,host_associated,p__Bacillota_A
s__Prevotella_sp000434975--RS_GCF_019052365.1,13930,7126,6168,0.44278535534816943,0.5115577889447236,host_associated,p__Bacteroidota
s__Klebsiella_planticola--RS_GCF_000735435.1,21611,14189,12119,0.560779232798112,0.6565637869603442,host_associated,p__Pseudomonadota
s__Methanoculleus_sp002497965--GB_GCA_002497965.1,6459,3055,2800,0.43350363833410743,0.4729834339681065,free_living,p__Halobacteriota
s__Nitratireductor_aquimarinus--RS_GCF_017255295.1,7193,5851,5393,0.7497567079104686,0.8134297233421381,free_living,p__Pseudomonadota
s__Blattabacterium_punctulatus--RS_GCF_000236405.1,674,579,567,0.841246290801187,0.8590504451038575,host_associated,p__Bacteroidota
s__Bifidobacterium_moukalabense--RS_GCF_000522505.1,3283,2581,2241,0.6826073713067317,0.7861711848918672,host_associated,p__Actinomycetota
s__Pseudomonas_aeruginosa--RS_GCF_001457615.1,256093,93665,83793,0.32719754151812036,0.3657460375722882,host_associated,p__Pseudomonadota
s__CAG-603_sp900066105--GB_GCA_902362455.1,6492,3928,3467,0.5340418977202711,0.6050523721503389,host_associated,p__Bacillota_A
s__Tractidigestivibacter_sp000752675--GB_GCA_000752675.2,3864,2866,2655,0.687111801242236,0.7417184265010351,host_associated,p__Actinomycetota
s__Turicibacter_sanguinis--RS_GCF_013046825.1,6369,4218,3861,0.6062176165803109,0.6622703721149317,host_associated,p__Bacillota
s__Coprobacillus_cateniformis--RS_GCF_009767585.1,7593,5224,4713,0.6207032793362307,0.6880021072040037,host_associated,p__Bacillota
s__Bacteroides_faecis--RS_GCF_900106755.1,24324,15066,12194,0.5013155730965302,0.6193882585101135,host_associated,p__Bacteroidota
s__CAG-417_sp000432835--GB_GCA_000432835.1,3482,1410,1291,0.37076392877656517,0.40493968983342904,host_associated,p__Bacillota
s__Prevotella_bryantii--RS_GCF_022024235.1,7081,4293,3917,0.5531704561502613,0.606270300804971,host_associated,p__Bacteroidota
s__TCS55_sp018674655--GB_GCA_018674655.1,6642,3669,3524,0.5305630834086119,0.552393857271906,free_living,p__Marinisomatota
s__Prevotella_sp934191715--GB_GCA_934191715.1,18532,9222,8384,0.4524066479602849,0.49762572846967407,host_associated,p__Bacteroidota
s__Aminobacterium_colombiense--RS_GCF_000025885.1,4316,2858,2708,0.6274328081556997,0.6621872103799815,free_living,p__Synergistota
s__JADJLQ01_sp016709995--GB_GCA_016709995.1,17710,6843,6456,0.3645398080180689,0.38639186900056466,free_living,p__Bacteroidota
s__UBA964_sp010031985--GB_GCA_010031985.1,9229,4741,4630,0.5016794885686423,0.5137067938021455,free_living,p__Pseudomonadota
s__Ralstonia_mannitolilytica--RS_GCF_905397375.1,8923,7215,6300,0.7060405693152527,0.8085845567634203,host_associated,p__Pseudomonadota
s__Streptococcus_uberis--RS_GCF_900475595.1,11416,6439,5536,0.4849334267694464,0.5640329362298528,host_associated,p__Bacillota
s__Neisseria_meningitidis--RS_GCF_900638555.1,35969,11084,10549,0.29328032472406795,0.30815424393227503,host_associated,p__Pseudomonadota
s__Erwinia_amylovora--RS_GCF_017161565.1,14362,6153,5588,0.38908230051524856,0.42842222531680824,host_associated,p__Pseudomonadota
s__Pseudomonas_E_marginalis_C--RS_GCF_008692035.1,12513,10333,9135,0.7300407576120834,0.8257811875649325,host_associated,p__Pseudomonadota
s__Cuniculiplasma_divulgatum--RS_GCF_900083515.1,5508,2601,2424,0.4400871459694989,0.4722222222222222,free_living,p__Thermoplasmatota
s__Eubacterium_R_sp003526845--GB_GCA_003526845.1,3414,2251,2122,0.6215582893966022,0.659343878148799,host_associated,p__Bacillota_A
s__UBA1711_sp900319865--GB_GCA_900319865.1,8747,3977,3656,0.41797187607179603,0.4546701726306162,host_associated,p__Bacteroidota
s__Clostridium_R_sp003445895--GB_GCA_003445895.1,7859,4683,4328,0.5507061967171396,0.5958773380837257,host_associated,p__Bacillota_A
s__Enterococcus_B_durans--RS_GCF_001544215.1,16873,9775,8283,0.4909026254963551,0.5793279203461151,host_associated,p__Bacillota
s__Zunongwangia_profunda--RS_GCF_000023465.1,10559,7396,6547,0.6200397764939862,0.7004451179088929,free_living,p__Bacteroidota
s__Vibrio_navarrensis--RS_GCF_000764325.1,10034,7135,6236,0.6214869443890771,0.7110823201116205,host_associated,p__Pseudomonadota
s__Stenotrophomonas_sepilia--RS_GCF_003244875.1,19726,10654,9252,0.46902565142451585,0.5400993612491128,host_associated,p__Pseudomonadota
s__CG2-30-70-394_sp001873295--GB_GCA_001873295.1,4017,2271,2199,0.5474234503360716,0.5653472740851382,free_living,p__CG2-30-70-394
s__UBA3064_sp002342365--GB_GCA_002342365.1,12192,5196,4969,0.40756233595800523,0.42618110236220474,free_living,p__Pseudomonadota
s__Clostridium_B_tyrobutyricum--RS_GCF_000359585.1,10129,7103,6191,0.6112153223417909,0.7012538256491263,host_associated,p__Bacillota_A
s__Alcaligenes_faecalis--RS_GCF_002443155.1,8619,6509,5932,0.6882468963916928,0.7551920176354565,host_associated,p__Pseudomonadota
s__UBA8498_sp000996895--GB_GCA_000996895.1,1604,687,676,0.42144638403990026,0.42830423940149626,free_living,p__Patescibacteria
s__MedAcidi-G2B_sp012959995--GB_GCA_012959995.1,4067,2525,2458,0.6043766904352103,0.6208507499385296,free_living,p__Actinomycetota
s__Roseomonas_B_sp020249775--GB_GCA_020249775.1,7140,4917,4723,0.661484593837535,0.688655462184874,free_living,p__Pseudomonadota
s__Agrobacterium_fabrum--RS_GCF_000092025.1,12547,9858,8873,0.7071809994420977,0.7856858213118674,host_associated,p__Pseudomonadota
s__Pseudomonas_E_tremae--RS_GCF_001401155.1,19048,11009,9310,0.4887652246955061,0.5779609407811844,host_associated,p__Pseudomonadota
s__Collinsella_sp905215065--GB_GCA_905215065.1,4230,3034,2794,0.6605200945626477,0.7172576832151301,host_associated,p__Actinomycetota
s__QYPT01_sp903834145--GB_GCA_903834145.1,4473,2867,2818,0.6300022356360384,0.6409568522244579,free_living,p__Actinomycetota
s__Luteolibacter_sp903827375--GB_GCA_903827375.1,18102,6342,5820,0.3215114352005303,0.3503480278422274,free_living,p__Verrucomicrobiota
s__Limnocylindrus_sp903944295--GB_GCA_903944295.1,3067,1551,1530,0.4988588196935116,0.5057059015324421,free_living,p__Chloroflexota
s__Streptococcus_parasanguinis--RS_GCF_000164675.2,6690,4544,3905,0.5837070254110612,0.6792227204783259,host_associated,p__Bacillota
s__Limosilactobacillus_fermentum--RS_GCF_013394085.1,13995,7311,6678,0.47717041800643084,0.5224008574490889,host_associated,p__Bacillota
s__Alcanivorax_venustensis--RS_GCF_015356855.1,18254,9648,9285,0.5086556371206311,0.528541689492714,free_living,p__Pseudomonadota
s__Cryptobacteroides_sp002451795--GB_GCA_002451795.1,3597,2093,2016,0.5604670558798999,0.5818737837086461,host_associated,p__Bacteroidota
s__Pantoea_brenneri--GB_GCA_002095305.1,7874,6279,5698,0.7236474472948946,0.7974345948691898,host_associated,p__Pseudomonadota
s__Campylobacter_E_sp018501205--RS_GCF_022369475.1,4530,2249,2098,0.4631346578366446,0.4964679911699779,host_associated,p__Campylobacterota
s__Bordetella_hinzii--RS_GCF_001548475.1,8543,6812,6316,0.7393187404892895,0.7973779702680557,host_associated,p__Pseudomonadota
s__Acidithiobacillus_ferrooxidans--RS_GCF_000021485.1,11736,6550,5834,0.49710293115201093,0.5581117927743695,free_living,p__Pseudomonadota
s__Dermabacter_hominis--RS_GCF_001570785.1,4289,3008,2703,0.6302168337607834,0.7013289811144789,host_associated,p__Actinomycetota
s__Yersinia_intermedia--RS_GCF_900635455.1,12981,9696,8173,0.6296125105924043,0.7469378322163162,host_associated,p__Pseudomonadota
s__Apilactobacillus_kunkeei--RS_GCF_001281265.1,2248,1691,1566,0.6966192170818505,0.7522241992882562,host_associated,p__Bacillota
s__Mycobacterium_immunogenum--RS_GCF_001605725.1,7616,5682,5004,0.6570378151260504,0.7460609243697479,free_living,p__Actinomycetota
s__MGIIb-O2_sp002686525--GB_GCA_002686525.1,3450,1372,1331,0.38579710144927537,0.39768115942028986,free_living,p__Thermoplasmatota
s__KS41_sp903863905--GB_GCA_903863905.1,11746,6048,5677,0.4833134684147795,0.5148986889153755,free_living,p__Pseudomonadota
s__Catenibacterium_sp000437715--RS_GCF_004168205.1,8624,5318,4842,0.561456400742115,0.6166512059369202,host_associated,p__Bacillota
s__Rothia_sp001808955--RS_GCF_001808955.1,5554,2958,2591,0.46651062297443285,0.5325891249549874,host_associated,p__Actinomycetota
s__Alcanivorax_profundimaris--RS_GCF_015265435.1,7213,5780,5454,0.756134756689311,0.8013309302647996,free_living,p__Pseudomonadota
s__UBA1268_sp016776925--GB_GCA_016776925.1,8216,3521,3346,0.4072541382667965,0.42855404089581306,free_living,p__Planctomycetota
s__Streptococcus_canis--RS_GCF_900636575.1,4696,3549,3017,0.6424616695059625,0.7557495741056218,host_associated,p__Bacillota
s__Sphingobacterium_siyangense--RS_GCF_007830445.1,16139,10881,9330,0.5781027325113081,0.6742053410992007,free_living,p__Bacteroidota
s__Treponema_D_sp016293005--GB_GCA_016293005.1,5004,2801,2539,0.5073940847322143,0.5597521982414069,host_associated,p__Spirochaetota
s__Leptospira_interrogans--RS_GCF_900156205.1,30967,6565,6148,0.19853392320857688,0.21199987083023863,host_associated,p__Spirochaetota
s__Trichococcus_flocculiformis--RS_GCF_900113645.1,7308,5028,4756,0.6507936507936508,0.6880131362889984,free_living,p__Bacillota
s__Campylobacter_D_concheus--RS_GCF_008245025.1,5211,2629,2364,0.45365572826712725,0.5045096910381884,host_associated,p__Campylobacterota
s__Exiguobacterium_mexicanum--RS_GCF_005960665.1,6378,4554,4135,0.6483223581059894,0.7140169332079022,free_living,p__Bacillota
s__Staphylococcus_agnetis--RS_GCF_002901865.1,8575,5205,4668,0.5443731778425656,0.606997084548105,host_associated,p__Bacillota
s__Burkholderia_sp000949135--RS_GCF_000949135.2,13966,11075,10026,0.717886295288558,0.7929972791064013,free_living,p__Pseudomonadota
s__Sellimonas_intestinalis--RS_GCF_001280875.1,6966,5527,5016,0.7200689061154177,0.7934252081538903,host_associated,p__Bacillota_A
s__Bifidobacterium_bifidum--RS_GCF_001025135.1,20371,9061,8110,0.39811496735555446,0.4447989789406509,host_associated,p__Actinomycetota
s__Succinivibrio_sp003456415--GB_GCA_902785325.1,5919,3213,3117,0.5266092245311708,0.5428281804358844,host_associated,p__Pseudomonadota
s__CACNYO01_sp902570035--GB_GCA_902570035.1,2262,1697,1661,0.7343059239610964,0.7502210433244916,free_living,p__Pseudomonadota
s__Cryptobacteroides_sp900317925--GB_GCA_900317925.1,20013,8708,8304,0.41493029530804976,0.43511717383700593,host_associated,p__Bacteroidota
s__PALSA-747_sp903867285--GB_GCA_903867285.1,4613,2742,2695,0.5842185128983308,0.5944071103403425,free_living,p__Actinomycetota
s__Limnohabitans_A_sp903870145--GB_GCA_903870145.1,10625,6579,6428,0.6049882352941176,0.6192,free_living,p__Pseudomonadota
s__Limnobacter_sp002954425--RS_GCF_013004065.1,9664,5597,5312,0.5496688741721855,0.5791597682119205,free_living,p__Pseudomonadota
s__Holdemanella_biformis--RS_GCF_000156655.1,13440,7805,6998,0.5206845238095238,0.5807291666666666,host_associated,p__Bacillota
s__Lactobacillus_acidophilus--RS_GCF_001591845.1,3572,2668,2405,0.6732922732362822,0.7469204927211646,host_associated,p__Bacillota
s__CAG-317_sp000433215--RS_GCF_003435815.1,6268,4750,4293,0.6849074664964901,0.7578174856413529,host_associated,p__Bacillota_A
s__Pelagibacter_ubique--RS_GCF_000012345.1,3064,2118,2069,0.6752610966057441,0.6912532637075718,free_living,p__Pseudomonadota
s__CAG-269_sp000431335--GB_GCA_000431335.1,3600,1752,1644,0.45666666666666667,0.4866666666666667,host_associated,p__Bacillota_A
s__Levilactobacillus_brevis--RS_GCF_001433855.1,14113,7738,6715,0.47580245164033164,0.5482888117338623,host_associated,p__Bacillota
s__Curtobacterium_flaccumfaciens--RS_GCF_013359815.1,15934,8146,7136,0.447847370402912,0.5112338395883017,host_associated,p__Actinomycetota
s__MWFE01_sp002071445--GB_GCA_002071445.1,5288,3055,2872,0.5431164901664145,0.5777231467473525,free_living,p__Bacteroidota
s__Streptomyces_acidiscabies--RS_GCF_020010905.1,18884,13566,11514,0.6097225164160136,0.7183859351832239,host_associated,p__Actinomycetota
s__Rhodophyticola_sp013179285--RS_GCF_013179285.1,4799,3998,3751,0.7816211710773078,0.8330902271306522,host_associated,p__Pseudomonadota
s__Faecalibacterium_prausnitzii_D--RS_GCF_023347255.1,16237,10012,8957,0.5516413130504404,0.6166163700190922,host_associated,p__Bacillota_A
s__Blautia_stercoris--GB_GCA_003481745.1,7141,5605,5043,0.7062036129393643,0.7849040750595154,host_associated,p__Bacillota_A
s__Prevotella_sp900314915--RS_GCF_019551475.1,8037,4224,3884,0.4832648998382481,0.5255692422545726,host_associated,p__Bacteroidota
s__Humidesulfovibrio_sp903843965--GB_GCA_903843965.1,4046,2957,2748,0.6791893227879388,0.7308452792881859,free_living,p__Desulfobacterota
s__Gemmiger_formicilis--RS_GCF_900167555.1,17915,10251,9297,0.5189506000558192,0.5722020653084008,host_associated,p__Bacillota_A
s__Streptococcus_infantarius--RS_GCF_000154985.1,6827,4207,3753,0.5497290171378351,0.6162296762853376,host_associated,p__Bacillota
s__Mediterraneibacter_faecis--GB_GCA_001312505.1,23042,14989,13171,0.5716083673292249,0.6505077684228799,host_associated,p__Bacillota_A
s__Streptococcus_lutetiensis--RS_GCF_900475675.1,7615,4969,4431,0.5818778726198293,0.6525279054497702,host_associated,p__Bacillota
s__Enterococcus_A_avium--RS_GCF_000406965.1,14013,9746,8298,0.5921644187540142,0.6954970384642831,host_associated,p__Bacillota
s__SMXQ01_sp018666775--GB_GCA_018666775.1,4441,2836,2767,0.623057869849133,0.6385949110560685,free_living,p__Pseudomonadota
s__Microcoleus_sp004292955--GB_GCA_004292955.1,20770,9938,8543,0.4113143957631199,0.4784785748675975,free_living,p__Cyanobacteriota
s__JANJXX01_sp024720975--GB_GCA_024720975.1,2820,1204,1159,0.41099290780141845,0.4269503546099291,free_living,p__Thermoproteota
s__Limnothrix_sp001693275--RS_GCF_001693275.1,6025,4159,3651,0.6059751037344399,0.6902904564315353,free_living,p__Cyanobacteriota
s__Rothia_nasimurium_E--RS_GCF_928382285.1,4083,2723,2523,0.6179279941219692,0.6669115846191526,host_associated,p__Actinomycetota
s__Cupriavidus_metallidurans--RS_GCF_000196015.1,16361,11361,10119,0.6184829778130921,0.6943952081168633,free_living,p__Pseudomonadota
s__UBA6398_sp003150315--GB_GCA_003150315.1,4890,2853,2546,0.5206543967280164,0.5834355828220859,host_associated,p__Bacteroidota
s__Streptococcus_parasanguinis_I--RS_GCF_023109675.1,5294,3971,3351,0.6329807329051756,0.7500944465432565,host_associated,p__Bacillota
s__Leuconostoc_pseudomesenteroides--RS_GCF_014634745.1,4631,3385,2899,0.6259987043835025,0.7309436406823581,host_associated,p__Bacillota
s__Streptococcus_anginosus_C--RS_GCF_001697145.1,7011,5154,4419,0.6302952503209243,0.7351305091998288,host_associated,p__Bacillota
s__Aggregatibacter_aphrophilus--RS_GCF_900636915.1,4554,3411,3094,0.6794027228809838,0.7490118577075099,host_associated,p__Pseudomonadota
s__Lancefieldella_sp015258605--GB_GCA_023300185.1,5161,2712,2599,0.5035845766324356,0.5254795582251501,host_associated,p__Actinomycetota
s__Pseudorhizobium_flavum--RS_GCF_902502825.2,8470,6858,6238,0.7364817001180638,0.8096812278630461,free_living,p__Pseudomonadota
s__Vibrio_crassostreae_C--RS_GCF_000272045.2,12944,8774,7738,0.5978059332509271,0.6778430160692213,free_living,p__Pseudomonadota
s__Listeria_welshimeri--RS_GCF_000060285.1,5995,4377,3699,0.6170141784820684,0.7301084236864054,free_living,p__Bacillota
s__Campylobacter_D_hepaticus--RS_GCF_001687475.2,2103,1600,1480,0.7037565382786496,0.7608178792201616,host_associated,p__Campylobacterota
s__Pseudoalteromonas_marina--RS_GCF_000238335.3,8227,6381,5537,0.6730278351768567,0.7756168712775009,free_living,p__Pseudomonadota
s__CAG-485_sp002362485--GB_GCA_003833075.1,10643,5681,4973,0.46725547308089826,0.5337780700930189,host_associated,p__Bacteroidota
s__CAG-314_sp000437915--GB_GCA_000437915.1,4205,2275,2099,0.4991676575505351,0.5410225921521997,host_associated,p__Bacillota_A
s__Dialister_invisus--RS_GCF_000160055.1,10118,5782,5083,0.5023720102787113,0.5714568096461752,host_associated,p__Bacillota_C
s__CAG-56_sp004793585--GB_GCA_004793585.1,6884,4872,4172,0.6060429982568274,0.7077280650784428,host_associated,p__Bacillota_A
s__Brevibacillus_B_laterosporus--RS_GCF_002706795.1,11479,6832,5791,0.5044864535238262,0.5951737956267967,free_living,p__Bacillota
s__UBA12044_sp000989675--GB_GCA_000989675.1,1224,553,537,0.4387254901960784,0.45179738562091504,free_living,p__Patescibacteria
s__Rhodobacter_F_sp020251025--GB_GCA_020251025.1,6090,4147,3897,0.6399014778325123,0.680952380952381,free_living,p__Pseudomonadota
s__Aquisediminimonas_sp016704425--GB_GCA_016704425.1,11165,5384,4982,0.44621585311240486,0.48222122704881326,free_living,p__Pseudomonadota
s__Methylobacterium_sp008039875--RS_GCF_008039875.1,14805,8461,7232,0.488483620398514,0.5714961161769673,host_associated,p__Pseudomonadota
s__Halorubrum_ezzemoulense--RS_GCF_002114285.1,9652,6168,4926,0.5103605470368835,0.6390385412349772,free_living,p__Halobacteriota
s__Rhizobium_sp017948245--RS_GCF_017948245.1,9277,7794,6867,0.740217742804786,0.8401422873773849,host_associated,p__Pseudomonadota
s__Enterocloster_aldenensis--RS_GCF_003434055.1,15995,11618,10147,0.634385745545483,0.7263519849953111,host_associated,p__Bacillota_A
s__RF16_sp900320865--GB_GCA_900320865.1,6175,3041,2828,0.4579757085020243,0.4924696356275304,host_associated,p__Bacteroidota
s__Methanosphaera_stadtmanae--RS_GCF_000012545.1,2883,1780,1622,0.5626083940339923,0.6174124176205341,host_associated,p__Methanobacteriota
s__F0422_sp001553345--RS_GCF_001553345.1,3877,2591,2454,0.6329636316739747,0.6683002321382512,host_associated,p__Bacillota_C
s__Chryseobacterium_arthrosphaerae--RS_GCF_001684965.1,7763,6223,4903,0.6315857271673322,0.8016230838593328,host_associated,p__Bacteroidota
s__Clostridium_botulinum_A--RS_GCF_000827935.1,14466,8885,7325,0.506359740080188,0.6141988110051154,free_living,p__Bacillota_A
s__Moraxella_catarrhalis--RS_GCF_001632285.1,11755,4011,3719,0.31637601020842193,0.3412165036154828,host_associated,p__Pseudomonadota
s__Prevotella_sp004556065--GB_GCA_021531755.1,8245,3878,3625,0.43966040024257125,0.4703456640388114,host_associated,p__Bacteroidota
s__Clostridium_Q_saccharolyticum_A--RS_GCF_020736365.1,7729,5941,5251,0.6793893129770993,0.7686634752231855,host_associated,p__Bacillota_A
s__Polynucleobacter_finlandensis--RS_GCF_018881755.1,8347,4903,4747,0.5687073199952078,0.5873966694620821,free_living,p__Pseudomonadota
s__Merdisoma_faecalis--RS_GCF_002160765.1,8316,5474,5170,0.6216931216931217,0.6582491582491582,host_associated,p__Bacillota_A
s__Lactobacillus_johnsonii--RS_GCF_000159355.1,17836,8874,7740,0.43395380130074007,0.49753307916573225,host_associated,p__Bacillota
s__CAG-510_sp000434615--GB_GCA_000434615.1,6579,4287,3820,0.5806353549171607,0.6516187870497036,host_associated,p__Bacillota_A
s__Neisseria_elongata--RS_GCF_900113545.1,6374,3922,3418,0.5362409789770944,0.6153122058362096,host_associated,p__Pseudomonadota
s__Marinobacter_nauticus--RS_GCF_003634635.1,16114,11017,9811,0.6088494476852426,0.6836912001985851,free_living,p__Pseudomonadota
s__Dysosmobacter_sp001916835--RS_GCF_014297285.1,16882,10483,9112,0.5397464755360739,0.6209572325553845,host_associated,p__Bacillota_A
s__OLB8_sp016711705--GB_GCA_016711705.1,16424,6672,6118,0.372503653190453,0.4062347783731125,free_living,p__Bacteroidota
s__Qipengyuania_sp001635685--RS_GCF_001635685.1,5521,3793,3479,0.6301394674877739,0.6870132222423474,free_living,p__Pseudomonadota
s__Pseudomonas_E_fluorescens_AA--RS_GCF_001307275.1,11348,9364,8420,0.7419809658089531,0.8251674303842087,free_living,p__Pseudomonadota
s__Rathayibacter_festucae--RS_GCF_004011135.1,7860,5563,5060,0.6437659033078881,0.7077608142493639,host_associated,p__Actinomycetota
s__Bifidobacterium_dentium--RS_GCF_001042595.1,7534,4538,3886,0.5157950623838599,0.6023360764534113,host_associated,p__Actinomycetota
s__Mitsuokella_jalaludinii--RS_GCF_000702905.1,6396,4505,4155,0.649624765478424,0.7043464665415885,host_associated,p__Bacillota_C
s__UBA629_sp900317915--GB_GCA_900317915.1,3943,2764,2643,0.6703018006593964,0.7009890945980218,host_associated,p__Bacillota_A
s__SYHX01_sp903856555--GB_GCA_903856555.1,4127,2231,2145,0.519748000969227,0.5405863823600678,free_living,p__Bacteroidota
s__Ruminococcus_C_sp000433635--GB_GCA_000433635.1,8510,4353,4008,0.4709753231492362,0.5115158636897768,host_associated,p__Bacillota_A
s__UBA2256_sp001603165--GB_GCA_001603165.1,8839,4930,4682,0.5296979296300487,0.5577554021948185,free_living,p__Spirochaetota
s__Pseudomonas_E_iridis--RS_GCF_017980685.1,11030,8537,7404,0.671260199456029,0.7739800543970988,host_associated,p__Pseudomonadota
s__Paraburkholderia_tropica--RS_GCF_900109265.1,14699,11060,9845,0.6697734539764609,0.7524321382406967,free_living,p__Pseudomonadota
s__Planktophila_sp010024385--GB_GCA_010024385.1,4353,2464,2408,0.5531817137606249,0.5660464047783138,free_living,p__Actinomycetota
s__Dysosmobacter_welbionis--RS_GCF_005121165.3,12047,8134,7054,0.5855399684568773,0.6751888436955259,host_associated,p__Bacillota_A
s__Ralstonia_pickettii_B--RS_GCF_001699815.1,11182,7955,6958,0.6222500447147201,0.7114111965659095,free_living,p__Pseudomonadota
s__HIMB59_sp902615815--GB_GCA_902599045.1,4249,2847,2775,0.6530948458460815,0.6700400094139798,free_living,p__Pseudomonadota
s__MGIIb-N1_sp002499585--GB_GCA_002499585.1,2401,1117,1098,0.4573094543940025,0.4652228238234069,free_living,p__Thermoplasmatota
s__Cryptobacteroides_sp900317845--GB_GCA_900317845.1,10088,4872,4664,0.4623314829500397,0.4829500396510706,host_associated,p__Bacteroidota
s__Lactobacillus_amylovorus--RS_GCF_002706375.1,11238,6732,5835,0.5192205018686599,0.599038974906567,host_associated,p__Bacillota
s__CAG-170_sp000436735--GB_GCA_000436735.1,6338,4056,3784,0.5970337645945093,0.639949510886715,host_associated,p__Bacillota_A
s__Streptococcus_vestibularis--RS_GCF_000188295.1,5169,3532,3142,0.607854517314761,0.6833043141806926,host_associated,p__Bacillota
s__Qipengyuania_citrea--RS_GCF_009828015.1,13535,6879,6342,0.468562984854082,0.5082379017362394,free_living,p__Pseudomonadota
s__Haemophilus_seminalis--RS_GCF_006384255.1,6276,4070,3665,0.5839706819630338,0.648502230720204,host_associated,p__Pseudomonadota
s__Stutzerimonas_balearica--RS_GCF_000818015.1,11180,8182,7369,0.65912343470483,0.7318425760286226,free_living,p__Pseudomonadota
s__Thiopontia_sp013349825--GB_GCA_013349825.1,7062,4061,3850,0.5451713395638629,0.5750495610308695,free_living,p__Pseudomonadota
s__Haemophilus_aegyptius--RS_GCF_900475885.1,3469,2572,2416,0.6964543095993082,0.7414240415105218,host_associated,p__Pseudomonadota
s__Rhodovulum_sulfidophilum--RS_GCF_001633165.1,14208,7290,6743,0.47459177927927926,0.5130912162162162,free_living,p__Pseudomonadota
s__Cupriavidus_necator--RS_GCF_000219215.1,17095,13783,12763,0.7465925709271717,0.8062591400994443,free_living,p__Pseudomonadota
s__Bordetella_avium--RS_GCF_900445835.1,5089,4082,3743,0.7355079583415209,0.8021222244055807,host_associated,p__Pseudomonadota
s__Listeria_ivanovii--RS_GCF_900187025.1,4276,3341,3126,0.7310570626753976,0.7813376987839102,host_associated,p__Bacillota
s__Pseudomonas_E_syringae_Q--RS_GCF_023278085.1,12490,7917,7442,0.5958366693354684,0.63386709367494,host_associated,p__Pseudomonadota
s__Staphylococcus_carnosus--RS_GCF_900458435.1,4213,3254,2983,0.7080465226679326,0.772371231901258,host_associated,p__Bacillota
s__Alcaligenes_phenolicus--RS_GCF_005311025.1,12059,7906,7176,0.5950742184260718,0.6556099179036404,free_living,p__Pseudomonadota
s__Agathobacter_sp905209075--GB_GCA_905209075.1,8857,5936,5356,0.6047194309585638,0.6702043581348086,host_associated,p__Bacillota_A
s__Prevotella_sp900546575--GB_GCA_900546575.1,8015,4790,4343,0.5418590143480974,0.5976294447910169,host_associated,p__Bacteroidota
s__Porcincola_intestinalis--RS_GCF_009696445.1,7894,5056,4692,0.5943754750443375,0.6404864454015708,host_associated,p__Bacillota_A
s__Corynebacterium_phoceense--RS_GCF_900092335.1,6104,3828,3366,0.5514416775884666,0.627129750982962,host_associated,p__Actinomycetota
s__Lentilactobacillus_buchneri--RS_GCF_018314255.1,4915,3864,3289,0.669175991861648,0.7861648016276704,host_associated,p__Bacillota
s__UBA4465_sp002470835--GB_GCA_905479015.1,5924,3664,3474,0.5864280891289669,0.6185010128291695,free_living,p__Bacteroidota
s__CAG-873_sp001701165--GB_GCA_001701165.1,8088,3570,3086,0.3815529179030663,0.4413946587537092,host_associated,p__Bacteroidota
s__Blautia_A_obeum--GB_GCA_025147765.1,19850,13726,11955,0.6022670025188916,0.6914861460957179,host_associated,p__Bacillota_A
s__Lancefieldella_sp000564995--GB_GCA_000564995.1,5166,2890,2724,0.5272938443670151,0.559427022841657,host_associated,p__Actinomycetota
s__Agrobacterium_pusense--RS_GCF_900102105.1,31741,19276,16952,0.5340726505151067,0.6072902555054976,host_associated,p__Pseudomonadota
s__Staphylococcus_pseudintermedius--RS_GCF_001792775.2,26243,8471,7724,0.2943261060092215,0.32279083946195175,host_associated,p__Bacillota
s__Sulfitobacter_mediterraneus--RS_GCF_003054325.1,6041,5148,4652,0.7700711802681676,0.8521767919218672,host_associated,p__Pseudomonadota
s__UKL13-2_sp020247545--GB_GCA_020247545.1,9212,5025,4721,0.5124837168910117,0.5454841511072515,free_living,p__Pseudomonadota
s__Dialister_sp022722495--GB_GCA_022722495.1,10919,6401,5779,0.5292609213297921,0.5862258448575877,host_associated,p__Bacillota_C
s__Staphylococcus_lugdunensis--RS_GCF_002901705.1,6612,4349,3827,0.5787961282516636,0.6577434966727163,host_associated,p__Bacillota
s__Sinorhizobium_fredii--RS_GCF_001461695.1,16780,11800,10508,0.6262216924910607,0.7032181168057211,host_associated,p__Pseudomonadota
s__Rouxiella_badensis--RS_GCF_002093665.1,7263,6195,5774,0.7949882968470329,0.8529533250722842,host_associated,p__Pseudomonadota
s__Faecousia_sp900315595--GB_GCA_900315595.1,10272,5388,5008,0.48753894080996885,0.5245327102803738,host_associated,p__Bacillota_A
s__KS41_sp003584895--GB_GCA_003584895.1,7804,4541,4260,0.5458739108149667,0.581881086622245,free_living,p__Pseudomonadota
s__UBA4417_sp903822525--GB_GCA_903822525.1,9440,4866,4538,0.48072033898305083,0.5154661016949152,free_living,p__Bacteroidota
s__Rhodoferax_sp903914175--GB_GCA_903914175.1,11599,6909,6710,0.5784981463919303,0.5956547978273989,free_living,p__Pseudomonadota
s__Oscillochloris_sp903877945--GB_GCA_903877945.1,8980,4666,4360,0.48552338530066813,0.5195991091314032,free_living,p__Chloroflexota
s__Faecalibacterium_prausnitzii_E--RS_GCF_019967995.1,7894,5623,5023,0.6363060552318216,0.7123131492272612,host_associated,p__Bacillota_A
s__UBA6944_sp002296525--GB_GCA_002296525.1,5449,3449,3344,0.613690585428519,0.6329601761791155,free_living,p__Actinomycetota
s__Pseudomonas_E_ceruminis--RS_GCF_021602025.1,12638,9312,8296,0.6564329799018832,0.7368254470644089,host_associated,p__Pseudomonadota
s__Phocaeicola_intestinalis--RS_GCF_014837065.1,10864,7565,6418,0.5907584683357879,0.6963365243004418,host_associated,p__Bacteroidota
s__Providencia_alcalifaciens--RS_GCF_000173415.1,9339,6926,5957,0.6378627262019488,0.7416211585822893,host_associated,p__Pseudomonadota
s__UBA969_sp003671255--GB_GCA_003671255.1,14091,5857,5514,0.39131360442835855,0.4156553828684976,free_living,p__Planctomycetota
s__Campylobacter_hyointestinalis--RS_GCF_013372145.1,6118,3383,2996,0.4897025171624714,0.5529584831644329,host_associated,p__Campylobacterota
s__JABINZ01_sp018698135--GB_GCA_018698135.1,11310,5411,5003,0.44235190097259064,0.4784261715296198,free_living,p__Bacteroidota
s__Staphylococcus_pasteuri--RS_GCF_003970495.1,6439,4156,3675,0.5707407982605994,0.645441838794844,host_associated,p__Bacillota
s__Rhizobium_leguminosarum_K--RS_GCF_002953715.1,15734,12260,10791,0.685839583068514,0.7792042710054659,host_associated,p__Pseudomonadota
s__Bradyrhizobium_pachyrhizi--RS_GCF_001189245.1,26118,17046,14594,0.5587717283099778,0.6526533425223984,host_associated,p__Pseudomonadota
s__UMGS1071_sp900542375--GB_GCA_900542375.1,5531,3388,3214,0.5810884107756282,0.612547459772193,host_associated,p__Bacillota_A
s__UBA1436_sp900540405--GB_GCA_900540405.1,2898,1426,1375,0.47446514837819187,0.49206349206349204,host_associated,p__Elusimicrobiota
s__Rhodococcus_aetherivorans--RS_GCF_011058165.1,13848,10376,9197,0.6641392258809936,0.7492778740612362,free_living,p__Actinomycetota
s__RAAP-2_sp903830745--GB_GCA_903830745.1,5100,2820,2771,0.5433333333333333,0.5529411764705883,free_living,p__Actinomycetota
s__CAG-485_sp002491165--GB_GCA_002491165.1,4296,2512,2382,0.5544692737430168,0.5847299813780261,host_associated,p__Bacteroidota
s__Eubacterium_R_sp000436835--GB_GCA_000436835.1,7139,3931,3688,0.5165989634402577,0.5506373441658495,host_associated,p__Bacillota_A
s__Faecalibacillus_faecis--RS_GCF_003024675.1,8348,5082,4542,0.5440824149496886,0.6087685673215142,host_associated,p__Bacillota
s__Treponema_D_succinifaciens--RS_GCF_000195275.1,6570,3901,3422,0.5208523592085236,0.5937595129375951,host_associated,p__Spirochaetota
s__Staphylococcus_succinus--RS_GCF_001006765.1,6642,4422,3991,0.6008732309545318,0.6657633242999097,host_associated,p__Bacillota
s__Exiguobacterium_profundum_A--RS_GCF_001909285.1,8413,5249,4656,0.5534292166884583,0.6239153690716748,free_living,p__Bacillota
s__UBA1067_sp002298665--GB_GCA_002298665.1,4078,1811,1781,0.43673369298675824,0.44409024031387934,host_associated,p__Verrucomicrobiota
s__Pseudomonas_E_soli--RS_GCF_900110655.1,12583,9363,8248,0.6554875625844393,0.7440991814352698,free_living,p__Pseudomonadota
s__Haemophilus_influenzae--RS_GCF_001457655.1,14473,6783,6333,0.4375734125613211,0.46866579147377874,host_associated,p__Pseudomonadota
s__Pseudomonas_aeruginosa_A--RS_GCF_000017205.1,15332,10933,9612,0.6269240803548135,0.7130837464127315,host_associated,p__Pseudomonadota
s__Metamycoplasma_hominis--RS_GCF_000085865.1,3844,967,841,0.2187825182101977,0.2515608740894901,host_associated,p__Bacillota
s__Streptococcus_parasanguinis_F--RS_GCF_009717815.1,4134,3175,2685,0.6494920174165457,0.7680212868892115,host_associated,p__Bacillota
s__Vescimonas_sp003487665--GB_GCA_003487665.1,7463,4515,4104,0.5499129036580463,0.6049845906471928,host_associated,p__Bacillota_A
s__Sellimonas_avistercoris--RS_GCF_016900655.1,9072,6613,5962,0.6571869488536155,0.7289462081128748,host_associated,p__Bacillota_A
s__CAG-791_sp900317475--GB_GCA_900317475.1,12636,6340,5953,0.47111427666983224,0.5017410572966129,host_associated,p__Bacillota_A
s__Flavonifractor_avicola--RS_GCF_002161085.1,7900,5744,5105,0.6462025316455696,0.7270886075949367,host_associated,p__Bacillota_A
s__HTCC2207_sp002685195--GB_GCA_002685195.1,6292,4061,3922,0.6233312142403051,0.6454227590591227,free_living,p__Pseudomonadota
s__Serratia_bockelmannii--RS_GCF_008011855.1,13272,9073,8092,0.609704641350211,0.6836196503918023,host_associated,p__Pseudomonadota
s__GWF1-31-35_sp001029755--GB_GCA_001029755.1,1166,577,563,0.48284734133790735,0.49485420240137223,free_living,p__Patescibacteria
s__RZYY01_sp012516825--GB_GCA_012516825.1,5907,3314,3062,0.5183680379211105,0.5610292872862706,free_living,p__Bacteroidota
s__PHOS-HE28_sp016710015--GB_GCA_016710015.1,9542,3667,3408,0.3571578285474743,0.3843009851184238,free_living,p__Bacteroidota
s__Legionella_fraseri--RS_GCF_000586315.1,6458,4827,4032,0.6243419015174977,0.7474450294208733,host_associated,p__Pseudomonadota
s__Moritella_viscosa--GB_GCA_000953735.1,7953,5491,4935,0.6205205582798944,0.6904312837922797,host_associated,p__Pseudomonadota
s__13-2-20CM-66-19_sp001914695--GB_GCA_001914695.1,15776,7540,7246,0.4593052738336714,0.47794117647058826,free_living,p__Pseudomonadota
s__Haemophilus_B_ducreyi--RS_GCF_900109315.1,2775,2098,1947,0.7016216216216217,0.7560360360360361,host_associated,p__Pseudomonadota
s__Leptospira_noguchii--RS_GCF_000306255.2,11056,3420,3154,0.28527496382054995,0.3093342981186686,host_associated,p__Spirochaetota
s__Shewanella_putrefaciens--RS_GCF_016406325.1,9118,6544,5890,0.6459749945163413,0.717701250274183,host_associated,p__Pseudomonadota
s__Campylobacter_D_upsaliensis--RS_GCF_900637395.1,5756,3096,2707,0.47029186935371786,0.5378735232800556,host_associated,p__Campylobacterota
s__Pseudoxanthomonas_A_winnipegensis--RS_GCF_004283755.1,6725,5203,4723,0.7023048327137547,0.7736802973977696,host_associated,p__Pseudomonadota
s__Parageobacillus_thermoglucosidasius--RS_GCF_001295365.1,7945,5836,5179,0.6518565135305223,0.734550031466331,free_living,p__Bacillota
s__Bradyrhizobium_sp003020075--GB_GCA_016839165.1,12262,9404,8319,0.6784374490295221,0.7669221986625346,free_living,p__Pseudomonadota
s__Maribacter_dokdonensis--RS_GCF_001447995.1,8657,6571,5604,0.6473374148088252,0.7590389280351161,free_living,p__Bacteroidota
s__Acinetobacter_junii--RS_GCF_000368765.1,20178,12530,9755,0.48344731886212705,0.6209733372980474,host_associated,p__Pseudomonadota
s__Thalassospira_lucentensis_A--RS_GCF_001613805.1,8626,6029,5647,0.6546487363783909,0.6989334569904938,free_living,p__Pseudomonadota
s__Phaeobacter_italicus--RS_GCF_001258055.1,5581,4834,4384,0.785522307830138,0.8661530191721913,free_living,p__Pseudomonadota
s__Pseudomonas_E_mandelii--RS_GCF_900106065.1,15933,10694,9400,0.5899705014749262,0.6711855896566874,free_living,p__Pseudomonadota
s__Yersinia_rohdei--RS_GCF_000173775.1,6310,5240,4636,0.7347068145800317,0.8304278922345484,host_associated,p__Pseudomonadota
s__Gilliamella_apicola--RS_GCF_000599985.1,5139,3367,3043,0.5921385483557112,0.6551858338198093,host_associated,p__Pseudomonadota
s__Bog-756_sp003138855--GB_GCA_003138855.1,7923,3998,3816,0.48163574403634984,0.504606840843115,free_living,p__Actinomycetota
s__Clostridium_Q_symbiosum--RS_GCF_000466485.1,18249,12636,10656,0.5839224067072168,0.6924215025480849,host_associated,p__Bacillota_A
s__Hungatella_hathewayi--GB_GCA_025149285.1,18677,12872,11385,0.6095732719387482,0.6891899127268833,host_associated,p__Bacillota_A
s__Streptococcus_oralis--RS_GCF_900637025.1,7939,5369,4363,0.5495654364529537,0.6762816475626653,host_associated,p__Bacillota
s__Neisseria_subflava_A--GB_GCA_019334725.1,4392,2985,2699,0.6145264116575592,0.6796448087431693,host_associated,p__Pseudomonadota
s__Methanothrix_A_harundinacea_D--GB_GCA_001509375.1,4712,2511,2356,0.5,0.5328947368421053,free_living,p__Halobacteriota
s__C7867-006_sp001824295--GB_GCA_001824295.1,1340,619,591,0.44104477611940296,0.4619402985074627,free_living,p__Patescibacteria
s__TTA-H9_sp002071415--GB_GCA_002071415.1,6032,3181,2952,0.48938992042440316,0.5273541114058355,free_living,p__Bacteroidota
s__Mycobacterium_phlei--RS_GCF_001583415.1,6762,5800,5218,0.7716651878142562,0.8577343981070689,host_associated,p__Actinomycetota
s__Burkholderia_glumae--RS_GCF_000960995.1,17184,10003,8677,0.5049464618249534,0.5821112662942272,host_associated,p__Pseudomonadota
s__Enterovibrio_norvegicus--RS_GCF_900115495.1,9386,7027,6224,0.6631152780737268,0.7486682292776475,free_living,p__Pseudomonadota
s__Spirillospora_madurae--RS_GCF_900115095.1,27532,14305,13290,0.4827110271683859,0.5195772192357984,host_associated,p__Actinomycetota
s__Smithella_sp003139775--GB_GCA_003139775.1,7637,4037,3875,0.5073981930077256,0.5286107110121776,free_living,p__Desulfobacterota
s__Acd1_sp000389735--GB_GCA_000389735.1,4258,2185,1870,0.439173320807891,0.5131517144199155,free_living,p__Thermoproteota
s__Clostridium_beijerinckii--RS_GCF_018223745.1,28363,17387,14983,0.5282586468286148,0.6130169587138173,host_associated,p__Bacillota_A
s__Bifidobacterium_infantis--RS_GCF_000269965.1,14956,6876,6136,0.4102701257020594,0.45974859588125166,host_associated,p__Actinomycetota
s__Bifidobacterium_longum--RS_GCF_000196555.1,34918,13601,11962,0.3425740305859442,0.3895125723122745,host_associated,p__Actinomycetota
s__Prochlorococcus_B_marinus_B--RS_GCF_000012465.1,5394,3409,2835,0.5255839822024472,0.6319985168705969,free_living,p__Cyanobacteriota
s__Prevotella_sp900315095--GB_GCA_900315095.1,9713,4902,4525,0.46587048285802535,0.5046844435292906,host_associated,p__Bacteroidota
s__UBA1066_sp900315305--GB_GCA_900315305.1,5936,3819,3638,0.6128706199460916,0.6433625336927223,host_associated,p__Bacillota_A
s__Methylovulum_sp903944165--GB_GCA_903944165.1,8452,4673,4389,0.5192853762423095,0.5528868906767629,free_living,p__Pseudomonadota
s__CAILDB01_sp903832855--GB_GCA_903832855.1,1307,551,531,0.40627390971690897,0.42157612853863813,free_living,p__Patescibacteria
s__Fructilactobacillus_sanfranciscensis--RS_GCF_001436035.1,3173,2068,1958,0.6170816262212417,0.6517491333123228,host_associated,p__Bacillota
s__Bacteroides_clarus--RS_GCF_900129655.1,11168,8558,7082,0.6341332378223495,0.7662965616045845,host_associated,p__Bacteroidota
s__Lactobacillus_paragasseri--RS_GCF_003584685.1,6796,4182,3733,0.5492937021777516,0.6153619776339023,host_associated,p__Bacillota
s__Pseudomonas_E_lactis--RS_GCF_001439845.1,22472,15302,13113,0.5835261658953365,0.680936276254895,host_associated,p__Pseudomonadota
s__Shewanella_vesiculosa--RS_GCF_021560015.1,7608,5642,5079,0.6675867507886435,0.7415878023133544,free_living,p__Pseudomonadota
s__UBA9145_sp018661465--GB_GCA_018661465.1,4151,3032,2857,0.6882678872560829,0.7304264032763189,free_living,p__Pseudomonadota
s__Edwardsiella_ictaluri--RS_GCF_000264785.1,6008,4285,4068,0.6770972037283621,0.7132157123834887,host_associated,p__Pseudomonadota
s__Dickeya_dianthicola--RS_GCF_000365305.1,9248,6686,6152,0.6652249134948097,0.7229671280276817,host_associated,p__Pseudomonadota
s__Corynebacterium_sp001767255--RS_GCF_001767255.1,3831,2759,2389,0.6235969720699557,0.7201774993474289,host_associated,p__Actinomycetota
s__Bog-375_sp003142185--GB_GCA_003142185.1,20679,8370,7908,0.38241694472653415,0.40475845060206006,free_living,p__Acidobacteriota
s__UBA9145_sp009844085--GB_GCA_009844085.1,6162,3815,3625,0.5882830249918858,0.6191171697500811,host_associated,p__Pseudomonadota
s__Wujia_chipingensis--RS_GCF_014337155.1,11179,6588,5950,0.5322479649342517,0.5893192593255211,host_associated,p__Bacillota_A
s__Acidaminococcus_fermentans--RS_GCF_000025305.1,5089,3563,3341,0.656514049911574,0.7001375515818432,host_associated,p__Bacillota_C
s__Thermoactinomyces_vulgaris--RS_GCF_003688725.1,4516,3089,2836,0.6279893711248893,0.6840124003542959,free_living,p__Bacillota
s__Chlorobium_sp903940125--GB_GCA_903940125.1,9770,5458,5051,0.5169907881269191,0.5586489252814739,free_living,p__Bacteroidota
s__Phil1_sp001940855--GB_GCA_001940855.1,11838,6170,5578,0.4711944585233992,0.5212029058962663,host_associated,p__Bacillota_A
s__Blautia_A_sp000436615--RS_GCF_003461245.1,8782,6413,5808,0.661352767023457,0.7302436802550671,host_associated,p__Bacillota_A
s__Mesotoga_infera_B--RS_GCF_900157305.1,8532,4643,4347,0.509493670886076,0.5441865916549461,free_living,p__Thermotogota
s__Pantoea_eucrina--RS_GCF_002095385.1,7506,5949,5309,0.707300826005862,0.7925659472422062,host_associated,p__Pseudomonadota
s__Dolichospermum_flosaquae--RS_GCF_014698755.1,11243,6122,5244,0.46642355243262473,0.5445165880992617,free_living,p__Cyanobacteriota
s__UBA1402_sp002305085--GB_GCA_002305085.1,5441,3146,3020,0.5550450284874104,0.5782025362984745,free_living,p__Bacteroidota
s__Staphylococcus_kloosii--RS_GCF_003019255.1,4239,3437,3100,0.7313045529606039,0.8108044350082567,host_associated,p__Bacillota
s__Campylobacter_A_concisus_R--RS_GCF_002913745.1,4697,2950,2529,0.5384287843304236,0.6280604641260379,host_associated,p__Campylobacterota
s__Faecalibacterium_sp900539885--RS_GCF_023347535.1,6862,4734,4330,0.6310113669484115,0.6898863305158845,host_associated,p__Bacillota_A
s__Acinetobacter_courvalinii--RS_GCF_014635545.1,6132,5300,4212,0.6868884540117417,0.8643183300717547,host_associated,p__Pseudomonadota
s__Lachnospira_sp000436535--GB_GCA_000436535.1,5125,3755,3403,0.664,0.7326829268292683,host_associated,p__Bacillota_A
s__Ruthenibacterium_lactatiformans--RS_GCF_000949455.1,23825,14607,12859,0.5397271773347324,0.6130954879328436,host_associated,p__Bacillota_A
s__Sodaliphilus_sp900320055--GB_GCA_900320055.1,5258,2919,2674,0.5085583872194751,0.5551540509699505,host_associated,p__Bacteroidota
s__Chlorobium_sp005843835--GB_GCA_005843835.1,9475,5057,4703,0.49635883905013195,0.5337203166226913,free_living,p__Bacteroidota
s__Geothrix_sp903937385--GB_GCA_903937385.1,4976,3372,3257,0.6545418006430869,0.677652733118971,free_living,p__Acidobacteriota
s__Acinetobacter_sp000369525--RS_GCF_000369525.1,9065,7413,5626,0.6206287920573634,0.8177606177606178,host_associated,p__Pseudomonadota
s__Zymomonas_mobilis--RS_GCF_000175255.2,3141,2374,2254,0.7176058580070042,0.7558102515122572,host_associated,p__Pseudomonadota
s__MAG-121220-bin8_sp012959395--GB_GCA_012959395.1,3748,2587,2487,0.6635538954108858,0.6902347918890075,free_living,p__Bacteroidota
s__Acetobacter_pasteurianus--RS_GCF_000285275.1,7899,4658,4288,0.5428535257627548,0.5896948980883656,host_associated,p__Pseudomonadota
s__Legionella_pneumophila--RS_GCF_000008485.1,22403,10703,9117,0.4069544257465518,0.4777485158237736,host_associated,p__Pseudomonadota
s__Paenibacillus_H_larvae--RS_GCF_002003265.1,10284,5877,5217,0.5072928821470245,0.5714702450408401,host_associated,p__Bacillota
s__Mesorhizobium_sp002294945--RS_GCF_003952525.1,15401,9666,8922,0.5793130316213233,0.62762158301409,host_associated,p__Pseudomonadota
s__Hungatella_effluvii--RS_GCF_003201875.1,18027,13292,11730,0.6506906307205857,0.7373384367892606,host_associated,p__Bacillota_A
s__Palsa-1315_sp002737345--GB_GCA_002737345.1,3473,2200,2113,0.6084077166714655,0.6334581053843938,free_living,p__Nitrospirota
s__CAG-103_sp004556965--GB_GCA_004556965.1,5203,3394,3138,0.603113588314434,0.6523159715548722,host_associated,p__Bacillota_A
s__Pseudolabrys_sp903839845--GB_GCA_903839845.1,10207,6356,6094,0.5970412462035858,0.6227099049671794,free_living,p__Pseudomonadota
s__Lactobacillus_taiwanensis--RS_GCF_001436695.1,6584,3374,2934,0.4456257594167679,0.5124544349939246,host_associated,p__Bacillota
s__Holdemanella_porci_A--RS_GCF_019052655.1,9277,5461,4929,0.5313140023714563,0.5886601271962919,host_associated,p__Bacillota
s__Thiomonas_arsenitoxydans--RS_GCF_000253115.1,9524,6179,5828,0.6119277614447711,0.6487820243595128,free_living,p__Pseudomonadota
s__Acinetobacter_baylyi--RS_GCF_000368685.1,4891,3835,3416,0.6984256798200776,0.784093232467798,free_living,p__Pseudomonadota
s__Pseudomonas_E_glycinae--RS_GCF_001594225.2,9332,7401,6620,0.7093870552936133,0.7930775825117874,free_living,p__Pseudomonadota
s__Streptomyces_ardesiacus--RS_GCF_003112575.1,12143,10118,8416,0.6930741991270691,0.8332372560322819,host_associated,p__Actinomycetota
s__Streptomyces_virginiae--RS_GCF_000720455.1,16968,12227,9867,0.5815063649222065,0.7205917020273456,free_living,p__Actinomycetota
s__Ensifer_adhaerens_A--RS_GCF_017488845.2,14801,10990,10004,0.6759002770083102,0.7425173974731437,host_associated,p__Pseudomonadota
s__Klebsiella_ornithinolytica--RS_GCF_001598295.1,30759,18016,15071,0.4899704151630417,0.5857147501544263,host_associated,p__Pseudomonadota
s__Faecalimonas_phoceensis--RS_GCF_900104635.1,18762,13315,11391,0.6071314358810361,0.7096791386845752,host_associated,p__Bacillota_A
s__Mesosutterella_multiformis--RS_GCF_003402575.1,3502,2441,2353,0.6719017704169046,0.6970302684180468,host_associated,p__Pseudomonadota
s__Prevotella_sp900314995--GB_GCA_900314995.1,10533,5915,5340,0.5069780689262319,0.5615684040634197,host_associated,p__Bacteroidota
s__Succinivibrio_sp000431835--GB_GCA_000431835.1,12882,5847,5453,0.42330383480825956,0.45388914764788074,host_associated,p__Pseudomonadota
s__CAIYYX01_sp903832735--GB_GCA_903832735.1,13055,7344,7109,0.5445423209498277,0.5625430869398698,free_living,p__Pseudomonadota
s__PALSA-747_sp903843225--GB_GCA_903843225.1,2336,1672,1651,0.706763698630137,0.7157534246575342,free_living,p__Actinomycetota
s__Chlamydia_suis--RS_GCF_900169085.1,1731,1011,973,0.56210283073368,0.584055459272097,host_associated,p__Chlamydiota
s__Hyphomonas_sp000682775--RS_GCF_000682775.1,17347,7913,7148,0.41205972214215714,0.45615956649564765,free_living,p__Pseudomonadota
s__GCA-2731375_sp018701215--GB_GCA_018701215.1,6521,5085,4925,0.755252261923018,0.7797883760159485,free_living,p__Pseudomonadota
s__Rhodococcus_erythropolis--RS_GCF_001552595.1,21493,13418,11628,0.5410133531847579,0.6242962825105849,free_living,p__Actinomycetota
s__Brevibacillus_brevis_D--RS_GCF_000010165.1,10808,7649,6732,0.6228719467061435,0.7077165062916358,free_living,p__Bacillota
s__Leuconostoc_mesenteroides--RS_GCF_000014445.1,14119,7425,6411,0.45406898505559884,0.5258871024860118,free_living,p__Bacillota
s__Pseudomonas_B_luteola--RS_GCF_002091675.1,11446,7873,7110,0.6211777040013978,0.687838546217019,host_associated,p__Pseudomonadota
s__RF16_sp900319025--GB_GCA_900319025.1,6867,3223,2989,0.4352701325178389,0.4693461482452308,host_associated,p__Bacteroidota
s__PALSA-747_sp903827945--GB_GCA_903827945.1,3844,2466,2418,0.6290322580645161,0.641519250780437,free_living,p__Actinomycetota
s__Victivallis_vadensis--RS_GCF_003096415.1,9570,4689,4492,0.4693834900731452,0.4899686520376176,host_associated,p__Verrucomicrobiota
s__Bacteroides_fragilis--RS_GCF_000025985.1,48025,26908,22662,0.4718792295679334,0.5602915148360229,host_associated,p__Bacteroidota
s__Prevotella_faecis--RS_GCF_018789675.1,6492,3693,3421,0.5269562538508934,0.5688539741219963,host_associated,p__Bacteroidota
s__Eubacterium_R_coprostanoligenes--RS_GCF_900167205.1,3567,2413,2234,0.6262966077936641,0.6764788337538548,host_associated,p__Bacillota_A
s__Lentimonas_sp002292345--GB_GCA_002292345.1,4929,2714,2587,0.5248529113410428,0.5506187867721647,free_living,p__Verrucomicrobiota
s__Veillonella_rogosae--RS_GCF_002959775.1,8033,4340,4076,0.5074069463463214,0.5402713805552097,host_associated,p__Bacillota_C
s__Cyanobium_A_usitatum--RS_GCF_003011885.1,8355,4867,4296,0.5141831238779174,0.582525433871933,free_living,p__Cyanobacteriota
s__Serratia_J_liquefaciens--RS_GCF_000422085.1,13953,10843,9400,0.6736902458252706,0.7771088654769583,host_associated,p__Pseudomonadota
s__Methanobacterium_subterraneum--RS_GCF_002813695.1,5768,3379,3078,0.5336338418862691,0.5858183079056866,free_living,p__Methanobacteriota
s__Geobacillus_stearothermophilus--RS_GCF_001277805.1,8267,5602,4976,0.6019112132575299,0.6776339663723236,free_living,p__Bacillota
s__Bifidobacterium_tibiigranuli--RS_GCF_009371885.1,4788,3354,3015,0.6296992481203008,0.7005012531328321,free_living,p__Actinomycetota
s__Paraburkholderia_fungorum--RS_GCF_902833645.1,18860,13856,12216,0.6477200424178154,0.7346765641569459,host_associated,p__Pseudomonadota
s__Acetobacter_oryzifermentans--RS_GCF_001628715.1,5499,3618,3374,0.613566102927805,0.6579378068739771,host_associated,p__Pseudomonadota
s__Phyllobacterium_sp900472835--RS_GCF_020731415.2,6538,5262,4930,0.754053227286632,0.8048332823493423,host_associated,p__Pseudomonadota
s__Streptomyces_cyaneofuscatus--RS_GCF_000718135.1,17130,12696,10300,0.6012842965557501,0.7411558669001751,host_associated,p__Actinomycetota
s__Citrobacter_portucalensis--RS_GCF_002042885.1,34919,22817,18626,0.533405882184484,0.6534265013316533,host_associated,p__Pseudomonadota
s__RUG420_sp900317085--GB_GCA_900317085.1,9678,4304,4145,0.42829096920851417,0.4447199834676586,host_associated,p__Bacillota_A
s__Sodaliphilus_pleomorphus--RS_GCF_009676955.1,7073,3583,3297,0.46613883783401666,0.5065742966209529,host_associated,p__Bacteroidota
s__Fonsibacter_sp903869725--GB_GCA_903869725.1,3527,1862,1834,0.5199886589169266,0.52792741706833,free_living,p__Pseudomonadota
s__Collinsella_aerofaciens_M--RS_GCF_015560765.1,6232,3897,3583,0.5749358151476252,0.6253209242618742,host_associated,p__Actinomycetota
s__Weissella_paramesenteroides--RS_GCF_000160575.1,4376,3012,2797,0.6391681901279708,0.6882998171846435,host_associated,p__Bacillota
s__Bordetella_pertussis--RS_GCF_000306945.1,30026,12260,11425,0.3805035635782322,0.40831279557716643,host_associated,p__Pseudomonadota
s__Ralstonia_pseudosolanacearum--RS_GCF_024925465.1,21463,11695,9995,0.46568513255369703,0.5448912081256115,host_associated,p__Pseudomonadota
s__Elizabethkingia_meningoseptica--RS_GCF_000367325.1,7238,5446,4359,0.6022381873445704,0.7524177949709865,host_associated,p__Bacteroidota
s__Roseofilum_sp002340255--GB_GCA_002340255.1,7675,4919,4421,0.5760260586319218,0.6409120521172639,host_associated,p__Cyanobacteriota
s__Stenotrophomonas_geniculata--RS_GCF_001431625.1,8439,6054,5421,0.6423746889441877,0.7173835762531106,host_associated,p__Pseudomonadota
s__Lentilactobacillus_hilgardii--RS_GCF_000159315.1,6047,4482,3816,0.631056722341657,0.7411939804861915,host_associated,p__Bacillota
s__Alicycliphilus_denitrificans--RS_GCF_000204645.1,11134,9018,8292,0.744745823603377,0.809951499910185,free_living,p__Pseudomonadota
s__Acholeplasma_laidlawii--RS_GCF_000018785.1,1973,1424,1363,0.6908261530663964,0.7217435377597567,host_associated,p__Bacillota
s__Dwaynesavagella_sp000270205--RS_GCF_000270205.1,4070,2215,2150,0.5282555282555282,0.5442260442260443,host_associated,p__Bacillota_A
s__Ruminiclostridium_E_sp003512525--GB_GCA_003512525.1,4776,2802,2571,0.5383165829145728,0.5866834170854272,host_associated,p__Bacillota_A
s__Peptostreptococcus_anaerobius--RS_GCF_000381525.1,3945,2994,2748,0.6965779467680608,0.75893536121673,host_associated,p__Bacillota_A
s__CAG-605_sp000433255--GB_GCA_000433255.1,3205,1321,1261,0.39344773790951637,0.4121684867394696,host_associated,p__Bacillota
s__Duodenibacillus_massiliensis--RS_GCF_900128485.1,4725,2728,2582,0.5464550264550264,0.5773544973544974,host_associated,p__Pseudomonadota
s__Finegoldia_magna--RS_GCF_003182075.1,5152,3698,3375,0.6550854037267081,0.71777950310559,host_associated,p__Bacillota_A
s__Methanobacterium_formicicum--RS_GCF_001316325.1,7223,3490,3200,0.44302921223868197,0.4831787345978125,host_associated,p__Methanobacteriota
s__Thiodiazotropha_lotti--GB_GCA_001709035.1,8827,5507,5012,0.5678033306899286,0.6238812733658095,host_associated,p__Pseudomonadota
s__Serratia_B_rubidaea--GB_GCA_901472405.1,7841,6541,6071,0.774263486800153,0.8342048208136718,host_associated,p__Pseudomonadota
s__Bordetella_holmesii--GB_GCA_000612485.1,4503,3611,3507,0.7788141239173884,0.8019098378858539,host_associated,p__Pseudomonadota
s__UBA12049_sp001784155--GB_GCA_001784155.1,1373,728,702,0.5112891478514202,0.5302257829570284,free_living,p__Patescibacteria
s__Piscirickettsia_salmonis--RS_GCF_000297215.2,9374,3310,3182,0.3394495412844037,0.35310433112865375,host_associated,p__Pseudomonadota
s__Tenacibaculum_maritimum--RS_GCF_900119795.1,8277,4616,3634,0.4390479642382506,0.5576899842938262,host_associated,p__Bacteroidota
s__Campylobacter_D_insulaenigrae--RS_GCF_000816185.1,2857,1997,1792,0.6272313615680783,0.6989849492474624,free_living,p__Campylobacterota
s__Fen-455_sp003170375--GB_GCA_003170375.1,14499,5659,5386,0.37147389475136217,0.3903027795020346,free_living,p__Actinomycetota
s__Rhizobium_sp900469615--GB_GCA_900469615.1,11625,9265,8259,0.7104516129032258,0.796989247311828,host_associated,p__Pseudomonadota
s__Intestinimonas_massiliensis--RS_GCF_001244995.1,9584,6530,5623,0.5867070116861436,0.6813439065108514,host_associated,p__Bacillota_A
s__Desulfovibrio_fairfieldensis--RS_GCF_001553605.1,7483,5478,4567,0.6103167178938929,0.7320593344915141,host_associated,p__Desulfobacterota
s__Alectryocaccomicrobium_faecavium--GB_GCA_900754755.1,8574,4744,4586,0.5348728714718918,0.5533006764637276,host_associated,p__Bacillota_A
s__UBA636_sp900546285--GB_GCA_900546285.1,6032,3539,3214,0.5328249336870027,0.5867042440318302,host_associated,p__Bacillota
s__Copromonas_sp000435795--GB_GCA_014385265.1,6732,4756,4331,0.6433452168746286,0.7064765300059418,host_associated,p__Bacillota_A
s__CAIYLH01_sp903908265--GB_GCA_903908265.1,11712,6109,5970,0.5097336065573771,0.5216017759562842,free_living,p__Pseudomonadota
s__Methylumidiphilus_alinenensis--GB_GCA_003242955.1,21958,8834,8025,0.365470443574096,0.40231350760542856,free_living,p__Pseudomonadota
s__Limnohabitans_sp903910745--GB_GCA_903910745.1,10342,5634,5370,0.5192419261264746,0.5447689035002901,free_living,p__Pseudomonadota
s__Blautia_sp001304935--RS_GCF_020215665.1,12579,9855,8714,0.6927418713729231,0.7834486048175531,host_associated,p__Bacillota_A
s__Streptococcus_sanguinis--RS_GCF_000194945.1,8149,5544,4422,0.5426432691127746,0.6803288747085532,host_associated,p__Bacillota
s__CAG-873_sp002490635--GB_GCA_002490635.1,3222,2205,2094,0.6499068901303539,0.6843575418994413,host_associated,p__Bacteroidota
s__Clostridium_H_haemolyticum--RS_GCF_003614235.1,7450,4363,3730,0.5006711409395973,0.5856375838926174,host_associated,p__Bacillota_A
s__Acinetobacter_radioresistens--RS_GCF_006757745.1,16290,9818,7968,0.489134438305709,0.6027010435850215,host_associated,p__Pseudomonadota
s__JAAZYX01_sp018651745--GB_GCA_018651745.1,2554,1689,1606,0.6288175411119812,0.6613155833985904,free_living,p__Marinisomatota
s__JAAFJR01_sp016705065--GB_GCA_016705065.1,7347,3885,3742,0.5093235334149994,0.5287872601061658,free_living,p__Pseudomonadota
s__Pseudomonas_E_viridiflava--RS_GCF_001642795.1,63162,23252,20212,0.3200025331686774,0.3681327380386942,host_associated,p__Pseudomonadota
s__Helicobacter_C_cinaedi--RS_GCF_000155475.1,5095,2488,2225,0.436702649656526,0.4883218842001963,host_associated,p__Campylobacterota
s__Helicobacter_pylori_CK--RS_GCF_003637665.1,3673,2055,1871,0.5093928668663218,0.5594881568200382,host_associated,p__Campylobacterota
s__Neisseria_subflava--RS_GCF_005221305.1,5144,3374,2985,0.5802877138413686,0.6559097978227061,host_associated,p__Pseudomonadota
s__Streptococcus_mitis--RS_GCF_000148585.2,7399,4869,4162,0.5625084470874443,0.6580619002567915,host_associated,p__Bacillota
s__Clostridium_Q_fessum--RS_GCF_003024715.1,15987,10110,8827,0.5521361105898542,0.6323888159129293,host_associated,p__Bacillota_A
s__CAIOVX01_sp903861835--GB_GCA_903861835.1,3719,2073,2034,0.5469212153804787,0.5574079053509008,free_living,p__Firestonebacteria
s__Phascolarctobacterium_A_succinatutens--RS_GCF_000188175.1,9592,5638,5194,0.5414929107589658,0.5877814845704754,host_associated,p__Bacillota_C
s__Bacteroides_nordii--GB_GCA_000613465.1,16571,11435,9569,0.5774545893428278,0.6900609498521514,host_associated,p__Bacteroidota
s__Methanobrevibacter_A_smithii--RS_GCF_000016525.1,6922,3171,2838,0.4099971106616585,0.458104594047963,host_associated,p__Methanobacteriota
s__MedAcidi-G3_sp000817105--GB_GCA_000817105.1,4805,3082,2999,0.6241415192507804,0.6414151925078043,free_living,p__Actinomycetota
s__JANELJ01_sp024511395--GB_GCA_024511395.1,10505,3707,3402,0.3238457877201333,0.35287958115183243,host_associated,p__Pseudomonadota
s__PALSA-747_sp903895995--GB_GCA_903895995.1,4679,2811,2773,0.5926480017097671,0.6007693951699081,free_living,p__Actinomycetota
s__Akkermansia_muciniphila_B--RS_GCF_018847375.1,17331,6990,6148,0.3547400611620795,0.4033235243205816,host_associated,p__Verrucomicrobiota
s__Brachyspira_aalborgi--RS_GCF_008016455.1,8741,3873,3691,0.42226289898180985,0.4430843152957328,host_associated,p__Spirochaetota
s__Achromobacter_insolitus--RS_GCF_002209555.1,12392,9362,8671,0.6997256294383474,0.7554874112330536,host_associated,p__Pseudomonadota
s__Corynebacterium_propinquum--RS_GCF_000375525.1,5309,3487,3079,0.5799585609342626,0.6568091919382181,host_associated,p__Actinomycetota
s__Rhodococcus_ruber--RS_GCF_001894945.1,13532,9693,8443,0.6239284658587053,0.7163020987289388,free_living,p__Actinomycetota
s__Mesorhizobium_opportunistum--RS_GCF_000176035.2,15090,11003,10005,0.6630218687872763,0.7291583830351226,host_associated,p__Pseudomonadota
s__Lactiplantibacillus_paraplantarum--RS_GCF_003641145.1,5827,4497,3931,0.6746181568560151,0.7717521880899262,free_living,p__Bacillota
s__Acinetobacter_baumannii--RS_GCF_009759685.1,211211,56761,47338,0.22412658431615778,0.2687407379350507,host_associated,p__Pseudomonadota
s__Zag111_sp003258735--GB_GCA_003258735.1,3659,1666,1587,0.43372506149221096,0.45531566001639795,host_associated,p__Cyanobacteriota
s__Haemophilus_D_parainfluenzae--RS_GCF_000191405.1,11091,6292,5750,0.5184383734559552,0.5673068253538905,host_associated,p__Pseudomonadota
s__UBA1213_sp900322145--GB_GCA_900322145.1,7714,3551,3337,0.4325900959294789,0.4603318641431164,host_associated,p__Bacillota_A
s__UBA2918_sp002349865--GB_GCA_902775375.1,4407,3029,2881,0.6537326979804856,0.6873156342182891,host_associated,p__Bacteroidota
s__Chlorobium_sp005843825--GB_GCA_005843825.1,12279,6160,5812,0.4733284469419334,0.50166951706165,free_living,p__Bacteroidota
s__UBA6136_sp007280285--GB_GCA_007280285.1,7349,3842,3682,0.5010205470131991,0.5227922166281127,free_living,p__Pseudomonadota
s__Corynebacterium_stationis--RS_GCF_001941345.1,6197,4084,3692,0.5957721478134581,0.6590285622075198,host_associated,p__Actinomycetota
s__Bacteroides_thetaiotaomicron--RS_GCF_000011065.1,65634,35122,28696,0.4372124203918701,0.5351189932047414,host_associated,p__Bacteroidota
s__Bacteroides_caccae--RS_GCF_002222615.2,26425,17326,14224,0.5382781456953643,0.6556669820245979,host_associated,p__Bacteroidota
s__Ruminococcus_E_bromii_B--RS_GCF_002834235.1,18320,10102,8833,0.4821506550218341,0.5514192139737991,host_associated,p__Bacillota_A
s__Megasphaera_sp000417505--RS_GCF_000417505.1,9318,6055,5454,0.5853187379265937,0.6498175574157544,host_associated,p__Bacillota_C
s__Leclercia_adecarboxylata--GB_GCA_901472455.1,25910,16096,14086,0.5436510999614048,0.621227325357005,host_associated,p__Pseudomonadota
s__Marinobacter_flavimaris--RS_GCF_002933295.1,11087,7678,7147,0.6446288445927663,0.6925227744204925,free_living,p__Pseudomonadota
s__UBA2270_sp002347745--GB_GCA_013792135.1,6419,3871,3616,0.5633276211247857,0.6030534351145038,free_living,p__Desulfobacterota
s__Lacrimispora_celerecrescens_B--RS_GCF_000732605.1,15515,10206,9275,0.5978085723493394,0.6578150177247825,host_associated,p__Bacillota_A
s__Microcystis_panniformis--RS_GCF_014698335.1,19575,9747,8258,0.4218646232439336,0.4979310344827586,free_living,p__Cyanobacteriota
s__Streptococcus_mitis_BM--RS_GCF_009496165.1,3054,2355,2115,0.6925343811394892,0.7711198428290766,host_associated,p__Bacillota
s__Streptomyces_microflavus--RS_GCF_014650075.1,17739,12173,9828,0.5540334855403348,0.686228085010429,free_living,p__Actinomycetota
s__Nostoc_linckia--RS_GCF_002608075.1,12984,8683,7240,0.5576093653727665,0.6687461491065927,host_associated,p__Cyanobacteriota
s__Enterobacter_chengduensis--RS_GCF_001984825.2,13490,10509,8975,0.6653076352853966,0.7790214974054855,host_associated,p__Pseudomonadota
s__Limivicinus_sp900317375--GB_GCA_900317375.1,24950,11289,10583,0.4241683366733467,0.4524649298597194,host_associated,p__Bacillota_A
s__RF16_sp900317745--GB_GCA_900317745.1,7681,3351,3104,0.40411404765004555,0.43627131883869286,host_associated,p__Bacteroidota
s__Anaeromassilibacillus_stercoravium--RS_GCF_002159845.1,7107,4859,4319,0.6077107077529197,0.6836921345152667,host_associated,p__Bacillota_A
s__CAG-273_sp000438355--GB_GCA_000438355.1,2620,1444,1384,0.5282442748091603,0.5511450381679389,host_associated,p__Bacillota_A
s__Prevotella_intermedia--RS_GCF_001953955.1,9602,5624,4613,0.48042074567798376,0.58571131014372,host_associated,p__Bacteroidota
s__Campylobacter_A_sp004803835--RS_GCF_004803835.1,2646,2078,1868,0.7059712773998488,0.7853363567649282,host_associated,p__Campylobacterota
s__Pseudomonas_E_syringae--RS_GCF_000507185.2,36052,19638,16683,0.4627482525241318,0.5447131920559193,host_associated,p__Pseudomonadota
s__Elarobacter_winogradskyi--GB_GCA_003168375.1,5479,3186,3071,0.5605037415586785,0.5814929731702866,free_living,p__Eremiobacterota
s__Enterococcus_A_raffinosus--RS_GCF_001886185.1,6960,5894,5050,0.7255747126436781,0.8468390804597701,host_associated,p__Bacillota
s__UBA12465_sp903904095--GB_GCA_903904095.1,2491,900,880,0.3532717784022481,0.36130068245684466,free_living,p__Patescibacteria
s__Opi-474_sp903825285--GB_GCA_903825285.1,7950,4268,4061,0.5108176100628931,0.5368553459119497,free_living,p__Verrucomicrobiota
s__Gallimonas_caecicola--GB_GCA_904394195.1,5066,2508,2426,0.4788787998420845,0.49506514015001973,host_associated,p__Bacillota_A
s__UBA9611_sp009391975--GB_GCA_009392095.1,5910,3140,3091,0.5230118443316413,0.5313028764805414,free_living,p__Chloroflexota
s__Fusobacterium_pseudoperiodonticum--RS_GCF_002761955.1,4801,3616,2918,0.6077900437408873,0.7531764215788378,host_associated,p__Fusobacteriota
s__Prevotella_sp900551275--RS_GCF_019127135.1,10985,6311,5536,0.5039599453800637,0.5745106964041875,host_associated,p__Bacteroidota
s__PeH17_sp000435055--GB_GCA_000435055.1,11499,4718,4307,0.3745543090703539,0.4102965475258718,host_associated,p__Bacillota_A
s__UBA2589_sp002500925--GB_GCA_002500925.1,5779,2920,2848,0.4928188267866413,0.5052777297110227,free_living,p__Gemmatimonadota
s__Wolframiiraptor_sinensis--GB_GCA_023268255.1,2059,1206,1152,0.5594949004371054,0.5857212238950947,free_living,p__Thermoproteota
s__Corynebacterium_pseudodiphtheriticum--RS_GCF_000688415.1,3733,2802,2443,0.654433431556389,0.7506027323868203,host_associated,p__Actinomycetota
s__Vibrio_nigripulchritudo--RS_GCF_000222685.1,10831,8130,7193,0.6641122703351491,0.7506232111531714,host_associated,p__Pseudomonadota
s__Bacillus_A_cereus_U--RS_GCF_018742245.1,16938,10946,9347,0.5518361081591687,0.64623922541032,free_living,p__Bacillota
s__Terracidiphilus_sp003138365--GB_GCA_003138365.1,15295,6920,6454,0.4219679633867277,0.4524354364171298,free_living,p__Acidobacteriota
s__Cutibacterium_acnes--RS_GCF_003030305.1,14181,5927,5535,0.3903109794795854,0.41795359988717296,host_associated,p__Actinomycetota
s__Enterobacter_hormaechei_A--RS_GCF_001729745.1,157037,58819,48933,0.31160172443436895,0.3745550411686418,host_associated,p__Pseudomonadota
s__Providencia_rettgeri_D--RS_GCF_013255915.1,16030,10277,8770,0.5470991890205864,0.6411104179663132,host_associated,p__Pseudomonadota
s__Mycobacterium_marinum--RS_GCF_003391395.1,23777,10173,9040,0.38019935231526264,0.42785044370610253,host_associated,p__Actinomycetota
s__UBA10364_sp002387615--GB_GCA_905478295.1,3823,2373,2257,0.5903740517917866,0.6207167146220246,free_living,p__Bacteroidota
s__Enorma_massiliensis--RS_GCF_000311845.1,5695,3629,3277,0.5754170324846356,0.637225636523266,host_associated,p__Actinomycetota
s__Adlercreutzia_muris--RS_GCF_008831045.1,4290,3024,2754,0.641958041958042,0.7048951048951049,host_associated,p__Actinomycetota
s__Bacteroides_intestinalis--RS_GCF_000172175.1,16713,12026,10352,0.6193980733560701,0.7195596242446,host_associated,p__Bacteroidota
s__Clostridium_F_botulinum_A--RS_GCF_001889325.1,16211,9253,8120,0.5008944543828264,0.5707852692616124,host_associated,p__Bacillota_A
s__Pseudomonas_E_capeferrum--RS_GCF_000731675.1,8066,6831,6222,0.7713860649640466,0.8468881725762459,free_living,p__Pseudomonadota
s__UBA2284_sp001830045--GB_GCA_001830045.1,3274,2109,2009,0.6136224801466097,0.6441661576053757,free_living,p__Bacillota
s__JABHGY01_sp018658715--GB_GCA_018658715.1,4901,2722,2609,0.5323403387063864,0.5553968577841257,free_living,p__Marinisomatota
s__Campylobacter_A_concisus_T--RS_GCF_003048375.1,7647,4070,3339,0.4366418203216948,0.5322348633451026,host_associated,p__Campylobacterota
s__Nocardioides_sp001627335--GB_GCA_001627335.1,11619,6541,6106,0.5255185472071607,0.5629572252345296,free_living,p__Actinomycetota
s__Streptomyces_libani--RS_GCF_009811595.1,16378,12333,10172,0.6210770545854195,0.753022347050922,free_living,p__Actinomycetota
s__Acinetobacter_towneri_A--RS_GCF_001758345.1,4814,4001,3373,0.7006647278770254,0.8311175737432489,free_living,p__Pseudomonadota
s__Clostridium_AQ_innocuum--RS_GCF_012317185.1,19778,12519,10775,0.5447972494691071,0.6329760339771463,host_associated,p__Bacillota
s__Corynebacterium_ulcerans--RS_GCF_900187135.1,4765,3043,2571,0.5395592864637986,0.6386149003147954,host_associated,p__Actinomycetota
s__Faecalibacterium_duncaniae--RS_GCF_010509575.1,17452,11201,9889,0.5666399266559706,0.6418175567270227,host_associated,p__Bacillota_A
s__UBA4334_sp902801475--GB_GCA_902801475.1,9184,4909,4515,0.4916158536585366,0.5345165505226481,host_associated,p__Bacteroidota
s__Klebsiella_africana--RS_GCF_020526085.1,14135,10750,9419,0.666360099044924,0.7605235231694376,host_associated,p__Pseudomonadota
s__Methylotenera_sp903882525--GB_GCA_903882525.1,6316,3633,3523,0.5577897403419886,0.5752058264724509,free_living,p__Pseudomonadota
s__Coprococcus_sp000154245--GB_GCA_020735665.1,4982,3743,3316,0.6655961461260538,0.7513046969088719,host_associated,p__Bacillota_A
s__Cloacibacillus_evryensis--RS_GCF_000585335.1,7027,4769,4506,0.6412409278497225,0.6786679948769033,host_associated,p__Synergistota
s__Dorea_formicigenerans--GB_GCA_025150245.1,18884,13378,11524,0.6102520652404152,0.7084304172844736,host_associated,p__Bacillota_A
s__CAG-1024_sp000432015--GB_GCA_000432015.1,7093,3767,3397,0.47892288171436626,0.5310869871704498,host_associated,p__Bacillota_A
s__HTCC2207_sp002378645--GB_GCA_025153775.1,4738,3326,3228,0.6813001266357113,0.7019839594765724,free_living,p__Pseudomonadota
s__Xanthomonas_phaseoli--GB_GCA_022749655.1,17746,8992,8184,0.46117434914910405,0.5067057365040009,host_associated,p__Pseudomonadota
s__Dietzia_cinnamea--RS_GCF_001571065.1,8729,5445,4957,0.56787719097262,0.6237827929888876,host_associated,p__Actinomycetota
s__Mesorhizobium_australicum--RS_GCF_000230995.2,16896,11801,10684,0.6323390151515151,0.6984493371212122,free_living,p__Pseudomonadota
s__Blautia_coccoides--RS_GCF_900461125.1,15728,11721,10273,0.6531663275686673,0.7452314343845371,host_associated,p__Bacillota_A
s__Sutterella_wadsworthensis_A--RS_GCF_000297775.1,5275,3243,3033,0.5749763033175356,0.6147867298578199,host_associated,p__Pseudomonadota
s__Aerococcus_urinae_D--RS_GCF_002884575.1,3239,2429,2291,0.7073170731707317,0.749922815683853,host_associated,p__Bacillota
s__ASP10-02a_sp002335115--GB_GCA_002335115.1,6046,4052,3962,0.6553092954019186,0.670195170360569,free_living,p__Pseudomonadota
s__Shewanella_oncorhynchi--RS_GCF_012584455.1,10933,7564,6540,0.5981889691758895,0.6918503612915028,free_living,p__Pseudomonadota
s__Pseudanabaena_sp020404105--GB_GCA_020404105.1,8234,5228,4641,0.5636385717755648,0.6349283458829245,free_living,p__Cyanobacteriota
s__Trueperella_pyogenes--RS_GCF_900460345.1,4241,2853,2600,0.6130629568497996,0.672718698420184,host_associated,p__Actinomycetota
s__Kosakonia_radicincitans--RS_GCF_000280495.2,9316,7495,6741,0.7235938170888794,0.8045298411335337,host_associated,p__Pseudomonadota
s__MGIIb-O2_sp002494975--GB_GCA_002494975.1,4424,1565,1510,0.34132007233273054,0.35375226039783003,free_living,p__Thermoplasmatota
s__HIMB59_sp902599405--GB_GCA_902599405.1,3052,2150,2109,0.6910222804718218,0.7044560943643512,free_living,p__Pseudomonadota
s__CAG-313_sp003539625--GB_GCA_003539625.1,2911,1594,1517,0.5211267605633803,0.5475781518378564,host_associated,p__Bacillota
s__Thalassospira_tepidiphila--RS_GCF_001662875.1,9672,6421,6098,0.630479735318445,0.6638751033912325,free_living,p__Pseudomonadota
s__Stenotrophomonas_maltophilia_P--GB_GCA_900113425.1,7192,5225,4684,0.6512791991101223,0.7265016685205784,host_associated,p__Pseudomonadota
s__Providencia_alcalifaciens_A--RS_GCF_000527275.1,7165,5744,5091,0.7105373342637823,0.8016748080949058,host_associated,p__Pseudomonadota
s__Corynebacterium_glucuronolyticum--RS_GCF_900176155.1,4137,2951,2571,0.621464829586657,0.7133188300700991,host_associated,p__Actinomycetota
s__Vagococcus_A_lutrae--RS_GCF_003987555.1,3323,2761,2586,0.7782124586217274,0.8308757147156184,host_associated,p__Bacillota
s__Bradyrhizobium_sp023100905--RS_GCF_023100905.1,13362,10050,8497,0.6359077982337973,0.7521329142343961,host_associated,p__Pseudomonadota
s__Staphylococcus_borealis--RS_GCF_001224225.1,5102,3779,3387,0.6638573108584869,0.7406899255194042,host_associated,p__Bacillota
s__Mycobacterium_avium--RS_GCF_009741445.1,46993,20261,17902,0.38095035430808843,0.431149320111506,host_associated,p__Actinomycetota
s__Paraglaciecola_chathamensis--GB_GCA_000314955.1,9638,7301,6614,0.6862419589126375,0.7575223075326831,free_living,p__Pseudomonadota
s__Vescimonas_sp900545495--GB_GCA_900545495.1,5800,3991,3593,0.6194827586206897,0.6881034482758621,host_associated,p__Bacillota_A
s__Methylopumilus_A_sp903953055--GB_GCA_903953055.1,6536,3698,3574,0.5468176254589964,0.5657894736842105,free_living,p__Pseudomonadota
s__Blautia_A_sp900066145--RS_GCF_003460605.1,8654,6468,5804,0.6706725213773977,0.7474000462214005,host_associated,p__Bacillota_A
s__M30B80_sp015693905--GB_GCA_015693905.1,6200,4424,4099,0.6611290322580645,0.7135483870967742,host_associated,p__Pseudomonadota
s__Pseudomonas_E_monteilii--RS_GCF_000730605.1,23789,16505,13953,0.5865315902307789,0.693808062549918,host_associated,p__Pseudomonadota
s__Campylobacter_sp945873855--GB_GCA_945873855.1,8046,3313,3047,0.3786974894357445,0.4117573949788715,host_associated,p__Campylobacterota
s__RGIG7114_sp020860205--GB_GCA_020860205.1,4963,2630,2492,0.5021156558533145,0.5299214184968769,host_associated,p__Bacillota_A
s__Methanohalophilus_euhalobius--RS_GCF_900215215.1,3888,2452,2269,0.5835905349794238,0.6306584362139918,free_living,p__Halobacteriota
s__Clavibacter_michiganensis--RS_GCF_021216655.1,8847,4822,4394,0.49666553634000227,0.5450435175765797,host_associated,p__Actinomycetota
s__Dickeya_dadantii--RS_GCF_000406145.1,10513,7593,6989,0.6647959668981261,0.7222486445353372,host_associated,p__Pseudomonadota
s__Photobacterium_leiognathi--RS_GCF_000950415.1,8779,6583,5777,0.6580476136234196,0.7498576147625015,host_associated,p__Pseudomonadota
s__F1-60-MAGs027_sp010025655--GB_GCA_010025655.1,6643,3182,3121,0.4698178533794972,0.4790004516031913,free_living,p__Actinomycetota
s__Enterobacter_kobei--RS_GCF_001729765.1,41862,24443,19830,0.4736992976924179,0.5838947016387177,host_associated,p__Pseudomonadota
s__Acutalibacter_stercoravium--GB_GCA_900543555.1,5521,3599,3339,0.6047817424379641,0.651874660387611,host_associated,p__Bacillota_A
s__Sodaliphilus_sp900316835--GB_GCA_900316835.1,5693,3010,2799,0.49165642016511507,0.5287194800632355,host_associated,p__Bacteroidota
s__PALSA-747_sp903821145--GB_GCA_903821145.1,3976,2449,2412,0.6066398390342053,0.6159456740442656,free_living,p__Actinomycetota
s__Bacteroides_finegoldii--RS_GCF_000156195.1,13670,10395,8511,0.6226042428675933,0.7604242867593269,host_associated,p__Bacteroidota
s__REDSEA-S09-B13_sp003447825--GB_GCA_022450155.1,9950,5722,5597,0.5625125628140704,0.5750753768844221,free_living,p__Pseudomonadota
s__Gallibacterium_anatis--RS_GCF_000379785.1,7267,4995,4574,0.6294206687766616,0.6873537911104995,host_associated,p__Pseudomonadota
s__UBA9936_sp001774105--GB_GCA_001774105.1,2269,914,896,0.3948876156897312,0.40282062582635525,free_living,p__Patescibacteria
s__Micromonospora_aurantiaca--RS_GCF_000145235.1,15461,11059,9371,0.6061056852726214,0.7152836168423776,host_associated,p__Actinomycetota
s__Edwardsiella_tarda--RS_GCF_003113495.2,7007,5356,4939,0.7048665620094191,0.764378478664193,host_associated,p__Pseudomonadota
s__GWC1-40-35_sp001775095--GB_GCA_001775095.1,2470,1061,1036,0.4194331983805668,0.42955465587044533,free_living,p__Patescibacteria
s__Mycobacterium_riyadhense--RS_GCF_002101845.1,8799,5852,5209,0.5919990908057734,0.6650755767700876,host_associated,p__Actinomycetota
s__Streptomyces_griseoincarnatus--GB_GCA_014649575.1,20701,13399,10954,0.5291531810057485,0.6472634172262209,free_living,p__Actinomycetota
s__AG-339-G14_sp003282105--GB_GCA_003282105.1,2144,1569,1527,0.7122201492537313,0.7318097014925373,free_living,p__Pseudomonadota
s__Prevotella_sp002391185--GB_GCA_002391185.1,6005,3552,3288,0.5475437135720234,0.5915070774354705,host_associated,p__Bacteroidota
s__Olegusella_sp900314685--GB_GCA_900314685.1,4208,2933,2736,0.6501901140684411,0.6970057034220533,host_associated,p__Actinomycetota
s__Anaerotardibacter_sp000435675--GB_GCA_000435675.1,3685,2371,2189,0.5940298507462687,0.6434192672998643,host_associated,p__Actinomycetota
s__Megasphaera_massiliensis--RS_GCF_000455225.1,5042,3620,3302,0.6548988496628322,0.7179690598968663,host_associated,p__Bacillota_C
s__Limosilactobacillus_reuteri_D--RS_GCF_003072625.1,6833,3883,3422,0.5008049173130397,0.5682716230060003,host_associated,p__Bacillota
s__Aggregatibacter_actinomycetemcomitans--RS_GCF_000372365.1,9099,4915,4477,0.49203209143861965,0.5401692493680624,host_associated,p__Pseudomonadota
s__Macrococcus_B_canis--RS_GCF_002119805.1,6170,4088,3728,0.6042139384116694,0.6625607779578606,host_associated,p__Bacillota
s__Streptococcus_halitosis--RS_GCF_003143695.2,3763,3192,2711,0.7204358224820622,0.8482593675259101,host_associated,p__Bacillota
s__Campylobacter_D_vulpis--RS_GCF_002738305.1,3030,2045,1803,0.595049504950495,0.6749174917491749,host_associated,p__Campylobacterota
s__F23-B02_sp900545805--GB_GCA_900545805.1,3386,2278,2152,0.635558180744241,0.6727702303603071,host_associated,p__Bacillota_A
s__Bilifractor_sp900317175--GB_GCA_902756775.1,10327,5926,5641,0.5462380168490365,0.5738355766437494,host_associated,p__Bacillota_A
s__Morganella_morganii--RS_GCF_019243775.1,26027,14871,12572,0.4830368463518654,0.5713681945671802,host_associated,p__Pseudomonadota
s__Clostridium_neonatale--RS_GCF_001458595.1,10011,6845,6102,0.6095295175307162,0.6837478773349316,host_associated,p__Bacillota_A
s__Clostridium_paraputrificum--RS_GCF_900447045.1,12637,7859,6754,0.5344622932658067,0.6219039328954657,host_associated,p__Bacillota_A
s__Actinomyces_naeslundii--RS_GCF_001956585.1,7208,4930,4191,0.5814372918978913,0.6839622641509434,host_associated,p__Actinomycetota
s__Eubacterium_R_sp000433975--GB_GCA_022009795.1,6214,3097,2916,0.4692629546186032,0.49839073060830386,host_associated,p__Bacillota_A
s__Photobacterium_damselae--RS_GCF_003026815.1,18288,10451,8928,0.4881889763779528,0.5714676290463692,host_associated,p__Pseudomonadota
s__Balneola_sp002364085--GB_GCA_002364085.1,6474,3674,3421,0.5284213778189681,0.5675007723200495,free_living,p__Bacteroidota
s__Shewanella_hafniensis--RS_GCF_019655335.1,5909,4992,4481,0.7583347436114402,0.8448129971230327,host_associated,p__Pseudomonadota
s__Streptococcus_mitis_BA--RS_GCF_900411395.1,3398,2667,2334,0.6868746321365509,0.7848734549735138,host_associated,p__Bacillota
s__Fen-455_sp003140595--GB_GCA_003140595.1,11184,5047,4784,0.42775393419170243,0.45126967095851217,free_living,p__Actinomycetota
s__Brocadia_sinica--RS_GCF_000949635.1,6304,3629,3371,0.534739847715736,0.5756662436548223,free_living,p__Planctomycetota
s__Ruminococcus_E_sp003526955--RS_GCF_023921805.1,14358,7377,6474,0.45089845382365235,0.5137902214793146,host_associated,p__Bacillota_A
s__Borkfalkia_avicola--GB_GCA_900761665.1,3403,1952,1908,0.5606817513958272,0.5736115192477226,host_associated,p__Bacillota_A
s__CAG-103_sp900543625--GB_GCA_900543625.1,6230,3937,3681,0.5908507223113965,0.6319422150882825,host_associated,p__Bacillota_A
s__Cryptobacteroides_sp900316045--GB_GCA_900316045.1,14734,6389,6083,0.4128546219628071,0.43362291299036243,host_associated,p__Bacteroidota
s__RUG472_sp902768995--GB_GCA_902768995.1,7543,4104,3934,0.521543152591807,0.5440806045340051,host_associated,p__Bacillota_A
s__Parvimonas_micra--RS_GCF_900637905.1,3462,2512,2269,0.6554015020219526,0.7255921432697863,host_associated,p__Bacillota_A
s__Ruminiclostridium_E_siraeum--GB_GCA_025150425.1,14037,7218,6322,0.45038113557027853,0.5142124385552469,host_associated,p__Bacillota_A
s__Clostridium_chauvoei--RS_GCF_002327185.1,3242,2604,2398,0.7396668723010488,0.8032078963602715,host_associated,p__Bacillota_A
s__Aliarcobacter_skirrowii--RS_GCF_003544835.1,4808,3230,2958,0.6152246256239601,0.6717970049916805,host_associated,p__Campylobacterota
s__Yersinia_ruckeri--RS_GCF_000754815.1,8062,5788,5058,0.6273877449764327,0.7179359960307616,host_associated,p__Pseudomonadota
s__Pantoea_allii--RS_GCF_002307475.1,8006,6371,5760,0.7194604046964777,0.7957781663752186,host_associated,p__Pseudomonadota
s__Paenarthrobacter_ureafaciens--RS_GCF_004028095.1,12365,8281,7378,0.5966841892438334,0.6697128993125758,free_living,p__Actinomycetota
s__AAA300-D14_sp002715065--GB_GCA_902527245.1,5899,3481,3387,0.5741651127309714,0.5901000169520257,free_living,p__Pseudomonadota
s__Bilophila_wadsworthia--RS_GCF_000701705.1,15001,8041,7086,0.4723685087660823,0.5360309312712486,host_associated,p__Desulfobacterota
s__SURF-27_sp903844845--GB_GCA_903844845.1,7064,3110,2956,0.41845979614949036,0.44026047565118914,free_living,p__Chloroflexota
s__Limosilactobacillus_vaginalis--RS_GCF_000159435.1,4965,3308,2941,0.5923464249748238,0.6662638469284995,host_associated,p__Bacillota
s__TMED-70_sp002703265--GB_GCA_002703265.1,2831,1877,1834,0.6478276227481455,0.6630166019074532,free_living,p__Chloroflexota
s__Hungateiclostridium_thermocellum--RS_GCF_000015865.1,4851,3621,3183,0.6561533704390847,0.7464440321583179,free_living,p__Bacillota_A
s__Serratia_I_symbiotica--RS_GCF_000821185.2,10025,5134,4800,0.47880299251870323,0.5121197007481296,host_associated,p__Pseudomonadota
s__Sphingobacterium_multivorum--RS_GCF_900457465.1,31287,16241,14472,0.4625563333013712,0.5190973886917889,host_associated,p__Bacteroidota
s__CAIWHR01_sp016720425--GB_GCA_016720425.1,9618,5100,4901,0.5095653982116864,0.5302557704304429,free_living,p__Pseudomonadota
s__Yersinia_aldovae--RS_GCF_000173735.1,7524,5906,5313,0.706140350877193,0.7849548112706007,host_associated,p__Pseudomonadota
s__Gordonia_amicalis--RS_GCF_000332995.1,7669,6309,5567,0.7259095058025818,0.8226626678836876,free_living,p__Actinomycetota
s__Rhodococcus_kyotonensis_B--RS_GCF_001645385.1,7284,6110,5541,0.7607084019769358,0.8388248215266337,host_associated,p__Actinomycetota
s__Aliivibrio_finisterrensis--RS_GCF_008933155.1,5851,4798,4366,0.7461972312425227,0.8200307639719706,host_associated,p__Pseudomonadota
s__Mesorhizobium_sp004020875--GB_GCA_004020875.1,9858,6990,6552,0.664637857577602,0.7090687766281193,host_associated,p__Pseudomonadota
s__SFIE01_sp004555405--GB_GCA_004555405.1,4643,3213,3000,0.6461339651087659,0.6920094766314883,host_associated,p__Bacillota_A
s__Klebsiella_oxytoca--RS_GCF_001598695.1,38666,23050,19198,0.49650856049242226,0.5961309677753065,host_associated,p__Pseudomonadota
s__Prevotella_sp015074785--RS_GCF_015074785.1,21446,10603,9217,0.42977711461344775,0.49440455096521496,host_associated,p__Bacteroidota
s__Acidovorax_facilis--RS_GCF_023913775.1,14632,10267,9390,0.6417441224712958,0.7016812465828322,free_living,p__Pseudomonadota
s__Bartonella_bacilliformis--RS_GCF_000015445.1,1511,1238,1159,0.7670416942422237,0.8193249503639973,host_associated,p__Pseudomonadota
s__Pseudomonas_E_tolaasii--RS_GCF_002813445.1,10905,8333,7478,0.6857404860155892,0.7641448876662081,host_associated,p__Pseudomonadota
s__Rhizobium_esperanzae--RS_GCF_002204185.1,8946,7559,6652,0.7435725463894478,0.8449586407332886,host_associated,p__Pseudomonadota
s__Xanthomonas_nasturtii--RS_GCF_001660815.1,5889,4592,4162,0.7067413822380709,0.7797588724741042,host_associated,p__Pseudomonadota
s__Pantoea_sp008632075--RS_GCF_008632075.1,5700,4886,4497,0.7889473684210526,0.8571929824561404,host_associated,p__Pseudomonadota
s__Bog-515_sp003155135--GB_GCA_003155135.1,6023,3620,3495,0.5802756101610493,0.6010293873484974,free_living,p__Actinomycetota
s__BACL14_sp000168995--GB_GCA_000168995.1,2730,1906,1857,0.6802197802197802,0.6981684981684981,free_living,p__Pseudomonadota
s__Pectobacterium_carotovorum--RS_GCF_900129615.1,17327,11996,9927,0.5729208749350724,0.692329889767415,host_associated,p__Pseudomonadota
s__HGM12545_sp900761925--GB_GCA_900761925.1,6545,4402,4131,0.6311688311688312,0.6725744843391902,host_associated,p__Bacillota_A
s__Blautia_A_sp900066205--RS_GCF_013304735.1,8357,6244,5681,0.6797893981093693,0.7471580710781381,host_associated,p__Bacillota_A
s__Brachybacterium_paraconglomeratum--RS_GCF_003994255.1,9383,6344,5685,0.6058829798571885,0.6761163806884791,host_associated,p__Actinomycetota
s__Collinsella_sp905216045--GB_GCA_905216045.1,2614,2090,1991,0.7616679418515685,0.7995409334353482,host_associated,p__Actinomycetota
s__Prevotella_nigrescens--RS_GCF_000220235.1,6036,4087,3488,0.5778661365142479,0.6771040424121935,host_associated,p__Bacteroidota
s__Prevotella_sp002373375--GB_GCA_002373375.1,7054,3885,3540,0.5018429259994329,0.5507513467536149,host_associated,p__Bacteroidota
s__Nitrosopelagicus_sp018647405--GB_GCA_018647405.1,2955,1804,1483,0.5018612521150593,0.6104906937394247,free_living,p__Thermoproteota
s__Pseudoalteromonas_lipolytica_A--RS_GCF_001306915.1,8456,6291,5462,0.6459318826868495,0.743968779564806,host_associated,p__Pseudomonadota
s__Campylobacter_A_curvus--RS_GCF_013372125.1,3765,2744,2434,0.6464807436918991,0.7288180610889774,host_associated,p__Campylobacterota
s__Mycoplasma_capri--RS_GCF_900489555.1,1489,1040,871,0.5849563465413029,0.6984553391537945,host_associated,p__Bacillota
s__Paraburkholderia_tuberum--RS_GCF_902833905.1,21381,14376,12598,0.5892147233525092,0.6723726673214536,host_associated,p__Pseudomonadota
s__Lacticaseibacillus_paracasei--RS_GCF_000829035.1,28673,13146,11587,0.4041083946569944,0.45848010323300664,host_associated,p__Bacillota
s__Romboutsia_timonensis--RS_GCF_900106845.1,7865,4684,4270,0.5429116338207247,0.5955499046408137,host_associated,p__Bacillota_A
s__Cryptobacteroides_sp000432655--GB_GCA_000432655.1,8104,4179,3825,0.47198914116485685,0.5156712734452122,host_associated,p__Bacteroidota
s__UBA5195_sp903838415--GB_GCA_903838415.1,9442,4877,4633,0.49067994069053167,0.5165219233213302,free_living,p__Chloroflexota
s__Bifidobacterium_vaginale--RS_GCF_001042655.1,5196,2617,2355,0.4532332563510393,0.5036566589684373,host_associated,p__Actinomycetota
s__SR-FBR-E99_sp009881065--GB_GCA_009881065.1,6945,3592,3418,0.4921526277897768,0.5172066234701224,free_living,p__Bacteroidota
s__Thermomonas_sp016720345--GB_GCA_016720345.1,5192,3364,3225,0.6211479198767335,0.6479198767334361,free_living,p__Pseudomonadota
s__Desulfitobacterium_hafniense--RS_GCF_000021925.1,12785,9552,8535,0.6675791943684005,0.7471255377395385,host_associated,p__Bacillota_B
s__Pseudomonas_E_paraglycinae--RS_GCF_021601625.1,9427,7870,7002,0.742760156995863,0.8348361090484778,free_living,p__Pseudomonadota
s__Pseudoalteromonas_arctica--RS_GCF_000238395.3,14295,9755,8162,0.5709688702343477,0.6824064358167191,free_living,p__Pseudomonadota
s__Staphylococcus_coagulans--RS_GCF_002901995.1,5474,3640,3256,0.5948118377785897,0.6649616368286445,host_associated,p__Bacillota
s__RAAP-2_sp003155915--GB_GCA_003155915.1,5647,3313,3216,0.569505932353462,0.5866831946166106,free_living,p__Actinomycetota
s__Blautia_A_massiliensis--RS_GCF_001487165.1,25458,15892,14054,0.5520465079739179,0.6242438526200016,host_associated,p__Bacillota_A
s__UBA644_sp900547165--GB_GCA_900547165.1,4040,2390,2260,0.5594059405940595,0.5915841584158416,host_associated,p__Bacillota_A
s__Streptomyces_albus--RS_GCF_000725885.1,12625,8823,7657,0.6064950495049505,0.6988514851485148,host_associated,p__Actinomycetota
s__Prochlorococcus_A_sp000634215--GB_GCA_000634215.1,6522,3596,3379,0.5180926096289482,0.5513646120821833,free_living,p__Cyanobacteriota
s__RF16_sp900321775--GB_GCA_900321775.1,7227,3441,3198,0.44250726442507266,0.4761311747613117,host_associated,p__Bacteroidota
s__Methylocystis_sp002412985--GB_GCA_002412985.1,7419,3967,3799,0.5120636204340208,0.5347081816956463,free_living,p__Pseudomonadota
s__UBA4421_sp009886205--GB_GCA_009886205.1,6428,3958,3786,0.588985687616677,0.6157436216552582,free_living,p__Pseudomonadota
s__Phocaeicola_coprophilus--RS_GCF_000157915.1,7711,5757,5116,0.6634677733108546,0.7465957722733757,host_associated,p__Bacteroidota
s__Acinetobacter_soli--RS_GCF_000760595.1,17611,10891,8753,0.49701890863664755,0.6184203054908863,host_associated,p__Pseudomonadota
s__Oenococcus_oeni--RS_GCF_000372485.1,24508,8166,7848,0.3202219683368696,0.33319732332299656,host_associated,p__Bacillota
s__Cryobacterium_zongtaii--RS_GCF_002909375.1,5987,4449,4044,0.6754635042592283,0.7431100718222816,free_living,p__Actinomycetota
s__Pseudoclavibacter_sp002931055--RS_GCF_002931055.1,6495,4365,3992,0.614626635873749,0.6720554272517321,host_associated,p__Actinomycetota
s__Mesorhizobium_sp004022705--RS_GCF_004022705.2,15269,7625,6981,0.45720086449669267,0.4993778243499902,host_associated,p__Pseudomonadota
s__Paratractidigestivibacter_faecalis--RS_GCF_003416765.1,5841,3547,3304,0.5656565656565656,0.6072590309878445,host_associated,p__Actinomycetota
s__Enterobacter_roggenkampii--RS_GCF_001729805.1,49690,29505,24017,0.48333668746226605,0.5937814449587442,host_associated,p__Pseudomonadota
s__UBA3402_sp003478355--GB_GCA_003478355.1,9330,6539,5895,0.6318327974276527,0.7008574490889603,host_associated,p__Bacillota_A
s__Sodaliphilus_sp004557565--GB_GCA_004557565.1,17531,6622,6049,0.3450459186583766,0.37773087673264505,host_associated,p__Bacteroidota
s__SXRM01_sp903883645--GB_GCA_903883645.1,8378,3236,3097,0.3696586297445691,0.38624970159942706,free_living,p__Myxococcota
s__Mediterraneibacter_caccavium--RS_GCF_002161355.1,6674,4465,4151,0.6219658375786634,0.6690140845070423,host_associated,p__Bacillota_A
s__Microbacterium_sp002313585--RS_GCF_020781975.1,11488,6475,6001,0.5223711699164345,0.5636316155988857,free_living,p__Actinomycetota
s__Synechococcus_C_sp002500205--RS_GCF_014279775.1,5223,3244,2762,0.5288148573616696,0.6210989852575148,free_living,p__Cyanobacteriota
s__Desulfolinea_sp018645405--GB_GCA_018645405.1,6159,3911,3733,0.6061048871570061,0.6350056827407047,free_living,p__Chloroflexota
s__Lactobacillus_apis--RS_GCF_002837055.1,3247,2359,2153,0.6630736064059132,0.726516784724361,host_associated,p__Bacillota
s__Thiodiazotropha_sp003094535--GB_GCA_003094535.1,5969,4258,3962,0.6637627743340593,0.713352320321662,host_associated,p__Pseudomonadota
s__Lactobacillus_mulieris--RS_GCF_007095465.1,3408,2374,2211,0.6487676056338029,0.6965962441314554,host_associated,p__Bacillota
s__Aggregatibacter_actinomycetemcomitans_A--RS_GCF_003130205.1,4866,3287,2981,0.6126181668721743,0.6755034936292643,host_associated,p__Pseudomonadota
s__Ventricola_sp900542395--GB_GCA_900542395.1,5983,3630,3442,0.57529667390941,0.6067190372722714,host_associated,p__Bacillota_A
s__Acidovorax_temperans--RS_GCF_006716905.1,11993,8306,7620,0.6353706328691737,0.6925706662219628,free_living,p__Pseudomonadota
s__Wolbachia_sp000376585--RS_GCF_000376585.1,1768,1004,972,0.5497737556561086,0.5678733031674208,host_associated,p__Pseudomonadota
s__Zag111_sp002102825--GB_GCA_002102825.1,3394,1617,1534,0.45197407189157335,0.4764289923394225,host_associated,p__Cyanobacteriota
s__Prevotella_copri--GB_GCA_025151535.1,17805,9760,8426,0.4732378545352429,0.5481606290367874,host_associated,p__Bacteroidota
s__Limnohabitans_sp903949285--GB_GCA_903949285.1,6658,3965,3810,0.5722439170922199,0.5955241814358666,free_living,p__Pseudomonadota
s__Anaerostipes_hadrus--RS_GCF_000332875.2,24704,13305,11879,0.4808533031088083,0.5385767487046632,host_associated,p__Bacillota_A
s__Providencia_C_stuartii--GB_GCA_900455155.1,14289,8768,7586,0.5308978934844986,0.613618867660438,host_associated,p__Pseudomonadota
s__Micrarchaeum_A_acidiphilum_A--RS_GCF_016806735.1,1847,846,819,0.4434217650243638,0.458040064970222,free_living,p__Micrarchaeota
s__Rhabdaerophilum_sp020253445--GB_GCA_020253445.1,10008,6397,5989,0.5984212629896083,0.6391886490807354,free_living,p__Pseudomonadota
s__Polynucleobacter_sp009928245--RS_GCF_018687475.1,7028,3905,3831,0.5451052931132613,0.5556346044393853,free_living,p__Pseudomonadota
s__Mycoplasma_capricolum--RS_GCF_000012765.1,2127,1085,904,0.42501175364362953,0.5101081335213916,host_associated,p__Bacillota
s__Burkholderia_anthina--RS_GCF_902498995.1,22769,16313,14406,0.6327023584698493,0.7164565857086389,free_living,p__Pseudomonadota
s__Metamycoplasma_hyosynoviae--RS_GCF_004365165.1,1161,567,484,0.4168819982773471,0.4883720930232558,host_associated,p__Bacillota
s__Neorhizobium_soli--RS_GCF_001423425.1,9262,7129,6359,0.6865687756424098,0.7697041675664004,host_associated,p__Pseudomonadota
s__Alexandriicola_marinus--RS_GCF_004000435.1,4808,4227,3889,0.8088602329450915,0.8791597337770383,host_associated,p__Pseudomonadota
s__Collinsella_sp003436275--RS_GCF_003436275.1,4669,3109,2914,0.6241165131719855,0.6658813450417649,host_associated,p__Actinomycetota
s__Prevotella_sp900314935--GB_GCA_900314935.1,8056,4797,4410,0.5474180734856008,0.5954568023833168,host_associated,p__Bacteroidota
s__Eubacterium_F_sp003491505--RS_GCF_003477605.1,16466,9211,8174,0.49641685898214505,0.5593951172112231,host_associated,p__Bacillota_A
s__Vescimonas_sp000435555--GB_GCA_000435555.1,11149,6783,5981,0.5364606691183066,0.6083953717822226,host_associated,p__Bacillota_A
s__Roseburia_intestinalis--RS_GCF_900537995.1,13256,8995,7737,0.5836602293301146,0.6785606517803259,host_associated,p__Bacillota_A
s__Parabacteroides_faecavium--RS_GCF_022809355.1,9081,6341,5662,0.6234996145798921,0.6982711155159124,host_associated,p__Bacteroidota
s__Paramuribaculum_intestinale--RS_GCF_003024925.1,7408,4398,3899,0.5263228941684666,0.593682505399568,host_associated,p__Bacteroidota
s__Idiomarina_loihiensis--RS_GCF_000008465.1,6456,4923,4568,0.7075588599752168,0.762546468401487,free_living,p__Pseudomonadota
s__UBA868_sp002477475--GB_GCA_002477475.1,5997,3613,3525,0.5877938969484743,0.6024679006169752,free_living,p__Pseudomonadota
s__Brevibacillus_agri--RS_GCF_004117055.1,8862,6267,5687,0.6417287294064545,0.7071767095463778,free_living,p__Bacillota
s__Planktomarina_temperata--RS_GCF_000738435.1,6381,4019,3827,0.5997492556025701,0.6298385832941545,free_living,p__Pseudomonadota
s__JADIYW01_sp016705125--GB_GCA_016705125.1,11609,4318,4041,0.34809199758807824,0.37195279524506847,free_living,p__Bacteroidota
s__Obscuribacter_sp016718315--GB_GCA_016718315.1,15284,4224,4069,0.2662261188170636,0.27636744307772837,free_living,p__Cyanobacteriota
s__Saccharolobus_islandicus--RS_GCF_000022485.1,8010,4558,3663,0.45730337078651684,0.5690387016229713,free_living,p__Thermoproteota
s__Roseomonas_mucosa--RS_GCF_000622225.1,8500,5909,5568,0.6550588235294118,0.6951764705882353,host_associated,p__Pseudomonadota
s__Anaerotruncus_colihominis--GB_GCA_025146135.1,10127,7389,6252,0.6173595339192258,0.7296336526118298,host_associated,p__Bacillota_A
s__Klebsiella_aerogenes--RS_GCF_000215745.1,61104,27358,23143,0.37874770882429953,0.44772846294841584,host_associated,p__Pseudomonadota
s__Collinsella_sp003466125--RS_GCF_003466125.1,4227,2974,2762,0.6534185001182872,0.7035722734800095,host_associated,p__Actinomycetota
s__Faecalibacterium_sp003449675--RS_GCF_023347295.1,6858,4647,4347,0.6338582677165354,0.6776027996500438,host_associated,p__Bacillota_A
s__Pseudomonas_E_fragi--RS_GCF_900105835.1,12433,8675,7565,0.6084613528512829,0.6977398857878228,free_living,p__Pseudomonadota
s__UBA1711_sp900317285--GB_GCA_900317285.1,5745,2821,2589,0.4506527415143603,0.491035683202785,host_associated,p__Bacteroidota
s__CAG-170_sp002404795--GB_GCA_002404795.1,11392,6655,6161,0.5408181179775281,0.5841818820224719,host_associated,p__Bacillota_A
s__Ruminococcus_E_sp934476515--GB_GCA_934476515.1,5020,2821,2550,0.5079681274900398,0.5619521912350598,host_associated,p__Bacillota_A
s__Qipengyuania_pacifica--RS_GCF_019857205.1,12367,7701,6977,0.5641626910325868,0.622705587450473,free_living,p__Pseudomonadota
s__JABJGO01_sp018662225--GB_GCA_018662225.1,6211,4396,4265,0.686684913862502,0.7077765255192401,free_living,p__Pseudomonadota
s__MVYY01_sp002068215--GB_GCA_018433525.1,6142,3436,3303,0.5377727124715076,0.5594268967762943,free_living,p__Bacteroidota
s__Serratia_marcescens_K--RS_GCF_002220655.1,35541,18167,15962,0.4491151064967221,0.5111561295405307,host_associated,p__Pseudomonadota
s__Propionicimonas_sp013791955--GB_GCA_013791955.1,3369,2639,2470,0.7331552389433066,0.7833184921341645,free_living,p__Actinomycetota
s__Achromobacter_denitrificans--RS_GCF_001571365.1,12570,9571,8927,0.7101829753381066,0.7614160700079554,free_living,p__Pseudomonadota
s__Cronobacter_dublinensis--RS_GCF_001277235.1,12410,8287,7293,0.5876712328767123,0.667767929089444,free_living,p__Pseudomonadota
s__Acinetobacter_haemolyticus--RS_GCF_000369065.1,13692,9291,7256,0.5299444931346772,0.6785714285714286,host_associated,p__Pseudomonadota
s__Rathayibacter_sp002930885--RS_GCF_009866585.1,10465,5728,5179,0.4948877209746775,0.547348303870043,host_associated,p__Actinomycetota
s__Mycobacterium_tuberculosis--RS_GCF_000195955.2,143670,25279,24258,0.16884527041135935,0.17595183406417483,host_associated,p__Actinomycetota
s__Latilactobacillus_curvatus--RS_GCF_004101845.1,8033,5361,4823,0.6003983567782896,0.6673720901282211,host_associated,p__Bacillota
s__BJGV01_sp014190895--GB_GCA_014190895.1,1987,1552,1501,0.7554101660795168,0.7810770005032712,free_living,p__Pseudomonadota
s__Faecalimonas_umbilicata--RS_GCF_004346095.1,10612,8003,7061,0.6653788164342254,0.7541462495288352,host_associated,p__Bacillota_A
s__CAG-349_sp003539515--GB_GCA_022009995.1,11915,4296,4017,0.3371380612673101,0.3605539236256819,host_associated,p__Bacillota_A
s__UBA868_sp018698075--GB_GCA_018698075.1,7871,4555,4465,0.5672722652776013,0.578706644644899,free_living,p__Pseudomonadota
s__Corynebacterium_amycolatum--RS_GCF_016889425.1,5894,3750,3258,0.5527655242619613,0.6362402443162538,host_associated,p__Actinomycetota
s__Psychrobacter_sp002836505--RS_GCF_002836505.1,4239,3401,3128,0.7379098844066997,0.8023118660061335,free_living,p__Pseudomonadota
s__Mesorhizobium_ciceri--RS_GCF_000185905.1,40893,19635,18567,0.45403858851148116,0.4801555278409508,host_associated,p__Pseudomonadota
s__Ruegeria_sp009363615--RS_GCF_009363615.1,8372,6460,5822,0.6954132823698042,0.7716196846631629,host_associated,p__Pseudomonadota
s__Klebsiella_grimontii--RS_GCF_900200035.1,40113,24203,19938,0.49704584548650066,0.6033704783985242,host_associated,p__Pseudomonadota
s__Vescimonas_sp003539495--GB_GCA_003539495.1,5748,3830,3468,0.6033402922755741,0.6663187195546277,host_associated,p__Bacillota_A
s__Anaeroglobus_micronuciformis--RS_GCF_000165735.1,6664,3956,3692,0.5540216086434574,0.5936374549819928,host_associated,p__Bacillota_C
s__UBA4334_sp900316975--GB_GCA_900316975.1,10505,5118,4618,0.4396001903855307,0.4871965730604474,host_associated,p__Bacteroidota
s__UBA7398_sp903878415--GB_GCA_903878415.1,4189,2595,2562,0.6116018142754834,0.6194795894008116,free_living,p__Actinomycetota
s__Veillonella_parvula_A--RS_GCF_902810435.1,11052,6024,5411,0.4895946435034383,0.5450597176981542,host_associated,p__Bacillota_C
s__CAG-115_sp003531585--GB_GCA_003531585.1,7767,4196,3868,0.49800437749452814,0.5402343247070941,host_associated,p__Bacillota_A
s__Paenibacillus_J_hunanensis--RS_GCF_014645615.1,10897,6864,6091,0.5589611819766909,0.6298981371019546,host_associated,p__Bacillota
s__MGIIb-O2_sp002499785--GB_GCA_018654845.1,2355,1058,1042,0.4424628450106157,0.44925690021231424,free_living,p__Thermoplasmatota
s__LS-NOB_sp018673915--GB_GCA_018673915.1,4905,3027,2889,0.5889908256880734,0.617125382262997,free_living,p__Nitrospinota
s__Pseudomonas_E_brenneri--RS_GCF_007858285.1,9502,7978,7243,0.7622605767206904,0.8396127131130289,free_living,p__Pseudomonadota
s__Campylobacter_A_concisus_AB--GB_GCA_018375265.1,6103,3598,2964,0.48566278879239716,0.5895461248566279,host_associated,p__Campylobacterota
s__Geocrenenecus_dongiae--GB_GCA_023267855.1,3559,1841,1749,0.4914301770160157,0.5172801348693453,free_living,p__Thermoproteota
s__Kocuria_rhizophila--RS_GCF_003667225.1,5718,4110,3671,0.6420076949982512,0.7187827911857293,host_associated,p__Actinomycetota
s__Yersinia_bercovieri--RS_GCF_013282745.1,8800,6538,5767,0.6553409090909091,0.7429545454545454,host_associated,p__Pseudomonadota
s__Parasutterella_excrementihominis--RS_GCF_000205025.1,13306,7806,6819,0.5124755749286036,0.5866526379077108,host_associated,p__Pseudomonadota
s__CAG-45_sp000438375--GB_GCA_902363825.1,5853,4232,3883,0.6634204681359986,0.7230480095677431,host_associated,p__Bacillota_A
s__Oceanobacillus_caeni--RS_GCF_019037185.1,6045,4489,4011,0.6635235732009925,0.742597187758478,host_associated,p__Bacillota
s__CAIKVZ01_sp903909815--GB_GCA_903909815.1,10537,6387,6137,0.5824238398026004,0.6061497579956344,free_living,p__Pseudomonadota
s__KS41_sp903938485--GB_GCA_903938485.1,5181,3110,2928,0.5651418645049219,0.600270218104613,free_living,p__Pseudomonadota
s__Paraprevotella_clara--RS_GCF_000233955.1,9498,6601,5694,0.5994946304485155,0.6949884186144452,host_associated,p__Bacteroidota
s__Collinsella_sp934876235--GB_GCA_934876235.1,2733,2092,1997,0.7306988657153312,0.765459202341749,host_associated,p__Actinomycetota
s__Idiomarina_zobellii--RS_GCF_900100855.1,5365,4103,3870,0.7213420316868593,0.7647716682199441,free_living,p__Pseudomonadota
s__Yeosuana_sp002784145--GB_GCA_002784145.1,6593,4587,4058,0.6155012892461702,0.6957379038374033,free_living,p__Bacteroidota
s__UBA1328_sp022564545--GB_GCA_022564545.1,7825,3381,3275,0.4185303514376997,0.43207667731629396,free_living,p__Chloroflexota
s__Hafnia_protea--RS_GCF_001586165.1,8406,6425,5948,0.7075898167975255,0.7643349988103736,host_associated,p__Pseudomonadota
s__Lactonifactor_sp009677585--RS_GCF_009677585.1,5761,4813,4454,0.7731296649887173,0.8354452352022218,host_associated,p__Bacillota_A
s__Streptomyces_halstedii--GB_GCA_000720535.1,13593,10292,8431,0.6202457147060987,0.7571544177150004,host_associated,p__Actinomycetota
s__Laribacter_hongkongensis--RS_GCF_000423285.1,9488,6369,5667,0.5972807757166948,0.6712689713322091,host_associated,p__Pseudomonadota
s__Bacillus_siamensis--RS_GCF_000262045.1,6501,4943,4479,0.6889709275496078,0.7603445623750192,host_associated,p__Bacillota
s__Mycoplasmopsis_A_pullorum--RS_GCF_001900245.1,1591,700,632,0.39723444374607164,0.43997485857950974,host_associated,p__Bacillota
s__Mesorhizobium_sp004791165--RS_GCF_004791165.1,27189,13522,12363,0.45470594725808233,0.49733348045165326,host_associated,p__Pseudomonadota
s__Prevotella_sp900290275--RS_GCF_900290275.1,16070,8310,7222,0.4494088363410081,0.5171126322339763,host_associated,p__Bacteroidota
s__Polynucleobacter_sp903944725--GB_GCA_903944725.1,4784,3112,3002,0.6275083612040134,0.6505016722408027,free_living,p__Pseudomonadota
s__Merdicola_sp001915925--GB_GCA_001915925.1,3902,1958,1787,0.45797027165556126,0.5017939518195798,host_associated,p__Bacillota_A
s__Anaerostipes_caccae--RS_GCF_014467075.1,7146,5153,4685,0.6556115309263923,0.7211027148054856,host_associated,p__Bacillota_A
s__Rothia_aeria--GB_GCA_002355935.1,4902,2633,2339,0.47715218278253774,0.5371277029783762,host_associated,p__Actinomycetota
s__UBA6382_sp002439755--GB_GCA_002439755.1,4419,2800,2656,0.601040959493098,0.6336275175379045,host_associated,p__Bacteroidota
s__GWE2-40-63_sp003512955--GB_GCA_003512955.1,9037,5816,5372,0.5944450592010623,0.6435764081000332,free_living,p__Bacteroidota
s__Ochrobactrum_A_pituitosa--RS_GCF_003049685.1,11495,8683,7735,0.6729012614180079,0.7553719008264462,host_associated,p__Pseudomonadota
s__Rathayibacter_rathayi--RS_GCF_004011095.1,4617,2912,2646,0.5730994152046783,0.6307125839289582,host_associated,p__Actinomycetota
s__Pseudomonas_E_cannabina--RS_GCF_900100365.1,12074,8080,7087,0.5869637237038264,0.6692065595494451,host_associated,p__Pseudomonadota
s__Francisella_noatunensis--RS_GCF_009823375.1,2138,1496,1449,0.6777362020579981,0.6997193638914874,host_associated,p__Pseudomonadota
s__Phytoplasma_sp000009845--GB_GCA_000009845.1,3055,1068,1047,0.34271685761047466,0.3495908346972177,host_associated,p__Bacillota
s__Eisenbergiella_tayi--RS_GCF_001881565.1,25847,16583,14891,0.5761210198475645,0.641583162455991,host_associated,p__Bacillota_A
s__Anaerovibrio_sp900548165--RS_GCF_021531495.1,7274,4814,4406,0.6057189991751444,0.6618091833929063,host_associated,p__Bacillota_C
s__CAG-194_sp000432915--GB_GCA_000432915.1,6792,4326,3973,0.5849528857479388,0.6369257950530035,host_associated,p__Bacillota_A
s__Cryptobacteroides_sp900316675--GB_GCA_900316675.1,3958,2262,2168,0.5477513895907024,0.5715007579585649,host_associated,p__Bacteroidota
s__Enterococcus_E_cecorum--RS_GCF_000407565.1,14070,7624,6730,0.4783226723525231,0.541862117981521,host_associated,p__Bacillota
s__Enterobacter_cancerogenus--RS_GCF_019047785.1,9448,7774,6946,0.735182049110923,0.8228196443691786,host_associated,p__Pseudomonadota
s__Apilactobacillus_waqarii--RS_GCF_019061205.1,2576,1844,1706,0.6622670807453416,0.7158385093167702,host_associated,p__Bacillota
s__Staphylococcus_warneri--RS_GCF_900636385.1,11618,5759,5080,0.4372525391633672,0.4956963332759511,host_associated,p__Bacillota
s__Staphylococcus_schleiferi--RS_GCF_900458895.1,2906,2485,2335,0.8035099793530627,0.8551273227804542,host_associated,p__Bacillota
s__Gudongella_oleilytica--RS_GCF_004101785.1,5983,3923,3722,0.6220959384923951,0.6556911248537522,free_living,p__Bacillota_A
s__Acinetobacter_sp002367455--RS_GCF_022967985.1,7775,5800,4824,0.6204501607717042,0.7459807073954984,host_associated,p__Pseudomonadota
s__Halanaerobium_congolense--RS_GCF_004366375.1,7329,5110,4859,0.6629826715786601,0.6972301814708691,free_living,p__Bacillota_F
s__Francisella_tularensis--RS_GCF_000008985.1,13107,4582,4442,0.33890287632562754,0.349584191653315,host_associated,p__Pseudomonadota
s__Escherichia_sp005843885--RS_GCF_005843885.1,17529,10901,9850,0.5619259512807347,0.6218837355239888,free_living,p__Pseudomonadota
s__Nitrosotenuis_sp010028495--GB_GCA_010028495.1,5008,2250,1939,0.3871805111821086,0.4492811501597444,free_living,p__Thermoproteota
s__Merdibacter_merdipullorum--GB_GCA_900543035.1,3916,2678,2526,0.6450459652706844,0.6838610827374872,host_associated,p__Bacillota
s__Victivallis_lenta--RS_GCF_009695545.1,11854,5308,5111,0.43116247680107983,0.4477813396321917,host_associated,p__Verrucomicrobiota
s__Prevotella_sp900315955--GB_GCA_900315955.1,8850,5293,4863,0.5494915254237288,0.5980790960451977,host_associated,p__Bacteroidota
s__Clostridium_sp001916075--RS_GCF_014287815.1,4254,3220,2903,0.6824165491302304,0.7569346497414199,host_associated,p__Bacillota_A
s__CAG-288_sp000437395--GB_GCA_000437395.1,3164,1639,1539,0.486409608091024,0.5180151706700379,host_associated,p__Bacillota
s__CAG-217_sp000436335--GB_GCA_000436335.1,9528,5039,4723,0.4956968933669186,0.5288623005877414,host_associated,p__Bacillota_A
s__Streptococcus_xiaochunlingii--RS_GCF_006385805.1,3684,2863,2446,0.6639522258414766,0.7771444082519001,host_associated,p__Bacillota
s__Acinetobacter_oleivorans--RS_GCF_000196795.1,15116,9922,7829,0.5179280232865837,0.6563905795183911,host_associated,p__Pseudomonadota
s__Streptococcus_dysgalactiae--RS_GCF_900459225.1,14043,8456,7145,0.5087944171473332,0.6021505376344086,host_associated,p__Bacillota
s__CAG-873_sp002478045--GB_GCA_002478045.1,4297,2130,2017,0.4693972538980684,0.4956946707004887,host_associated,p__Bacteroidota
s__Leclercia_sp002902985--RS_GCF_002902985.1,9057,7229,6536,0.7216517610687866,0.7981671635199293,host_associated,p__Pseudomonadota
s__Prevotella_salivae--RS_GCF_000185845.1,6253,3821,3281,0.5247081400927555,0.6110666879897649,host_associated,p__Bacteroidota
s__Staphylococcus_hominis--RS_GCF_002901845.1,20700,8618,7291,0.3522222222222222,0.41632850241545893,host_associated,p__Bacillota
s__Erysipelothrix_rhusiopathiae--RS_GCF_900637845.1,3026,2101,1996,0.6596166556510245,0.6943159286186384,host_associated,p__Bacillota
s__Leptospira_A_meyeri--RS_GCF_004368965.1,5848,3152,2967,0.5073529411764706,0.5389876880984952,free_living,p__Spirochaetota
s__Pseudomonas_E_palleroniana--RS_GCF_003031675.1,9194,7396,6699,0.7286273656732651,0.8044376767457038,host_associated,p__Pseudomonadota
s__RF16_sp900556095--GB_GCA_900556095.1,7159,3251,2961,0.4136052521301858,0.4541137030311496,host_associated,p__Bacteroidota
s__CAG-533_sp000434495--GB_GCA_900547775.1,5272,1708,1605,0.3044385432473445,0.32397572078907433,host_associated,p__Bacillota
s__Mitsuokella_multacida--RS_GCF_000155955.1,4865,3688,3372,0.6931140801644399,0.7580678314491264,host_associated,p__Bacillota_C
s__Limenecus_avicola--GB_GCA_000980375.1,4667,1966,1893,0.4056138847225198,0.421255624598243,host_associated,p__Cyanobacteriota
s__Mediterraneibacter_lactaris--GB_GCA_025152405.1,11325,8030,6911,0.610242825607064,0.7090507726269316,host_associated,p__Bacillota_A
s__Saccharococcus_caldoxylosilyticus--RS_GCF_000632715.1,6864,5281,4749,0.6918706293706294,0.7693764568764568,free_living,p__Bacillota
s__Staphylococcus_haemolyticus--RS_GCF_006094395.1,29809,12128,10479,0.35153812606930795,0.40685698949981547,host_associated,p__Bacillota
s__XYB12-FULL-38-5_sp001803165--GB_GCA_001803165.1,7404,4595,4280,0.5780659103187467,0.6206104808211778,free_living,p__Bacteroidota
s__JADFFS01_sp022568195--GB_GCA_022568195.1,8451,4229,4108,0.48609631996213465,0.5004141521713407,free_living,p__Chloroflexota
s__Vibrio_cincinnatiensis--RS_GCF_900167345.1,8833,6117,5405,0.6119098833918261,0.6925166987433488,host_associated,p__Pseudomonadota
s__Campylobacter_D_armoricus--RS_GCF_013372105.1,2706,1948,1724,0.6371027346637103,0.7198817442719881,free_living,p__Campylobacterota
s__Parolsenella_uli_B--RS_GCF_901212675.1,7768,4036,3754,0.483264675592173,0.51956745623069,host_associated,p__Actinomycetota
s__Bacteroides_sp902362375--GB_GCA_902362375.1,13387,10172,8648,0.6459998506013297,0.759841637409427,host_associated,p__Bacteroidota
s__Eubacterium_T_pyruvativorans--RS_GCF_900102225.1,4499,2820,2723,0.6052456101355856,0.6268059568793065,host_associated,p__Bacillota_A
s__Methylotenera_sp903951385--GB_GCA_903951385.1,5218,3183,3121,0.5981218857799924,0.6100038328861633,free_living,p__Pseudomonadota
s__Alistipes_A_ihumii--GB_GCA_025144665.1,4509,3017,2741,0.6078953204701708,0.6691062319804835,host_associated,p__Bacteroidota
s__Coprobacter_fastidiosus--RS_GCF_003634345.1,10596,7068,6158,0.5811627029067573,0.6670441676104191,host_associated,p__Bacteroidota
s__Micromonospora_chalcea--RS_GCF_002926165.1,17338,11443,9855,0.5684046602837698,0.6599953858576537,host_associated,p__Actinomycetota
s__Burkholderia_orbicola--RS_GCF_014211915.1,31441,19233,16875,0.5367195699882319,0.6117171845679209,host_associated,p__Pseudomonadota
s__Corynebacterium_bovis--RS_GCF_000183325.1,5254,2459,2304,0.43852303007232585,0.46802436239055956,host_associated,p__Actinomycetota
s__Leptospira_santarosai--RS_GCF_000313175.2,11950,3510,3209,0.2685355648535565,0.29372384937238494,host_associated,p__Spirochaetota
s__Burkholderia_stagnalis--RS_GCF_902830275.1,25029,15909,13720,0.5481641296096528,0.6356226776938751,free_living,p__Pseudomonadota
s__Yokenella_regensburgei--RS_GCF_000735455.1,7967,6483,5920,0.743065143717836,0.8137316430274883,host_associated,p__Pseudomonadota
s__Campylobacter_D_volucris--RS_GCF_008245045.1,3581,2335,2119,0.5917341524713767,0.652052499301871,free_living,p__Campylobacterota
s__Francisella_philomiragia--RS_GCF_000156715.1,4468,2885,2738,0.6128021486123545,0.6457027752909579,free_living,p__Pseudomonadota
s__Streptococcus_parauberis--RS_GCF_000187935.1,4995,3750,3384,0.6774774774774774,0.7507507507507507,host_associated,p__Bacillota
s__Catenibacterium_mitsuokai--GB_GCA_025148785.1,9359,5132,4643,0.4961000106849022,0.5483491826049791,host_associated,p__Bacillota
s__Enterobacter_ludwigii--RS_GCF_001750725.1,28215,18067,15129,0.5362041467304626,0.6403331561226298,host_associated,p__Pseudomonadota
s__Succiniclasticum_sp900315345--GB_GCA_900315345.1,7965,4417,4136,0.5192718141870685,0.5545511613308224,host_associated,p__Bacillota_C
s__Lachnospira_eligens_A--RS_GCF_009680455.1,15644,8682,7611,0.4865124009204807,0.554973152646382,host_associated,p__Bacillota_A
s__Burkholderia_gladioli--RS_GCF_000959725.1,47967,25604,21755,0.453540976087727,0.533783642921175,host_associated,p__Pseudomonadota
s__CAG-475_sp000434435--GB_GCA_000434435.1,3772,1858,1752,0.46447507953340406,0.492576882290562,host_associated,p__Bacillota_A
s__Streptococcus_thermophilus--RS_GCF_010120595.1,11994,6462,5744,0.4789061197265299,0.5387693846923461,host_associated,p__Bacillota
s__MS024-2A_sp018646605--GB_GCA_018646605.1,4293,2913,2773,0.6459352434195201,0.6785464709993012,free_living,p__Bacteroidota
s__UBA6502_sp002436415--GB_GCA_002436415.1,3713,2250,2115,0.569620253164557,0.6059789927282521,free_living,p__Bdellovibrionota
s__Pantoea_septica--RS_GCF_002095575.1,12620,8674,8076,0.6399366085578447,0.6873217115689382,host_associated,p__Pseudomonadota
s__Melissococcus_plutonius--RS_GCF_000270185.1,2664,1968,1863,0.6993243243243243,0.7387387387387387,host_associated,p__Bacillota
s__Pseudoalteromonas_lipolytica--RS_GCF_900116435.1,7322,5756,5065,0.6917508877355913,0.7861240098333788,free_living,p__Pseudomonadota
s__Xanthomonas_vesicatoria--RS_GCF_001908725.1,8140,5686,5172,0.6353808353808353,0.6985257985257985,host_associated,p__Pseudomonadota
s__Mesorhizobium_muleiense--RS_GCF_900099905.1,44135,22241,19907,0.45104792115101394,0.5039311204259658,host_associated,p__Pseudomonadota
s__Ochrobactrum_A_pseudogrignonensis--RS_GCF_002252525.1,18056,11852,10579,0.5858994240141782,0.6564023039432876,host_associated,p__Pseudomonadota
s__Vibrio_crassostreae--GB_GCA_024347415.1,23239,14392,11874,0.5109514178751237,0.6193037566160334,free_living,p__Pseudomonadota
s__Agathobaculum_butyriciproducens--GB_GCA_003096535.1,18305,10053,8958,0.48937448784485116,0.5491942092324501,host_associated,p__Bacillota_A
s__Wolbachia_sp001439985--RS_GCF_018141665.1,6587,2216,2101,0.3189615910126006,0.336420221648702,host_associated,p__Pseudomonadota
s__UBA1711_sp900318175--GB_GCA_900318175.1,5114,2655,2461,0.4812280015643332,0.5191630817364099,host_associated,p__Bacteroidota
s__Prevotella_sp002251385--RS_GCF_002251385.1,7385,3937,3561,0.4821936357481381,0.5331076506431957,host_associated,p__Bacteroidota
s__Tannerella_forsythia--RS_GCF_001006485.1,5261,3493,3110,0.5911423683710322,0.6639422163086866,host_associated,p__Bacteroidota
s__Sarcina_ventriculi--RS_GCF_900456775.1,3912,2770,2578,0.658997955010225,0.7080777096114519,host_associated,p__Bacillota_A
s__Alteromonas_mediterranea--RS_GCF_000020585.3,10630,7358,6553,0.6164628410159925,0.6921919096895579,free_living,p__Pseudomonadota
s__Ralstonia_solanacearum--RS_GCF_002251695.1,23007,10908,9518,0.41370017820663274,0.474116573216847,host_associated,p__Pseudomonadota
s__Ruegeria_arenilitoris--RS_GCF_013032855.1,6433,5137,4647,0.7223690346650086,0.7985387843929738,host_associated,p__Pseudomonadota
s__Xanthomonas_arboricola--RS_GCF_001013475.1,20431,11489,9944,0.48671136997699577,0.5623317507708874,host_associated,p__Pseudomonadota
s__Ehrlichia_ruminantium--RS_GCF_000026005.1,2145,947,939,0.43776223776223777,0.4414918414918415,host_associated,p__Pseudomonadota
s__Arctic96AD-7_sp002082305--GB_GCA_002082305.1,8367,4064,3976,0.4752001912274411,0.48571770049002033,free_living,p__SAR324
s__Acinetobacter_ursingii--RS_GCF_000368825.1,16698,10466,8437,0.505270092226614,0.6267816504970655,host_associated,p__Pseudomonadota
s__Nitrosymbiomonas_sp001567425--GB_GCA_015709495.1,5775,2748,2586,0.4477922077922078,0.47584415584415585,free_living,p__Armatimonadota
s__Faecivivens_stercoravium--GB_GCA_018712425.1,4728,2889,2777,0.5873519458544839,0.6110406091370558,host_associated,p__Bacillota_A
s__Sarcina_perfringens--RS_GCF_000013285.1,33638,15244,12843,0.38180034484808845,0.45317795350496465,host_associated,p__Bacillota_A
s__Collinsella_bouchesdurhonensis--RS_GCF_900155365.1,4368,2819,2603,0.5959249084249084,0.6453754578754579,host_associated,p__Actinomycetota
s__Vescimonas_sp000435975--GB_GCA_000435975.1,7207,4823,4292,0.5955321215484946,0.6692104898015818,host_associated,p__Bacillota_A
s__Porphyromonas_pasteri--RS_GCF_014647755.1,13636,5184,4795,0.35164271047227924,0.3801701378703432,host_associated,p__Bacteroidota
s__Borrelia_miyamotoi--RS_GCF_019668505.1,3010,900,840,0.27906976744186046,0.29900332225913623,host_associated,p__Spirochaetota
s__Dehalococcoides_mccartyi--RS_GCF_000011905.1,2999,2158,1853,0.6178726242080693,0.7195731910636879,free_living,p__Chloroflexota
s__Agrobacterium_leguminum--RS_GCF_015704895.1,19863,14885,13302,0.6696873584050748,0.7493832754367417,host_associated,p__Pseudomonadota
s__Staphylococcus_nepalensis--RS_GCF_014635045.1,5531,4149,3669,0.6633520159103237,0.7501355993491231,host_associated,p__Bacillota
s__Oscillibacter_ruminantium--RS_GCF_000307265.1,6014,4351,3943,0.6556368473561689,0.7234785500498836,host_associated,p__Bacillota_A
s__Chlamydophila_pneumoniae--RS_GCF_000007205.1,1443,943,899,0.623007623007623,0.6534996534996536,host_associated,p__Chlamydiota
s__Chromobacterium_violaceum--RS_GCF_000007705.1,9625,6722,6064,0.630025974025974,0.6983896103896103,host_associated,p__Pseudomonadota
s__Xanthomonas_euroxanthea--RS_GCF_900476395.1,7677,5614,4977,0.6483001172332943,0.7312752377230689,host_associated,p__Pseudomonadota
s__Adlercreutzia_hattorii--RS_GCF_011405655.1,10877,5934,5450,0.5010572768226533,0.5455548404891054,host_associated,p__Actinomycetota
s__SFHK01_sp004556395--GB_GCA_004556395.1,7318,3955,3730,0.5097021044001093,0.5404482098934135,host_associated,p__Bacillota_A
s__Lachnospira_sp000436475--GB_GCA_000436475.1,7364,4984,4468,0.6067354698533406,0.6768060836501901,host_associated,p__Bacillota_A
s__Streptococcus_equinus--RS_GCF_000187265.1,7539,4998,4543,0.6025998142989787,0.6629526462395543,host_associated,p__Bacillota
s__Absicoccus_porci--RS_GCF_003725415.1,4884,3346,3141,0.6431203931203932,0.6850941850941851,host_associated,p__Bacillota
s__Lactobacillus_crispatus--RS_GCF_018987235.1,26049,12165,10754,0.412837345003647,0.4670044915351837,host_associated,p__Bacillota
s__Prevotella_sp000436035--GB_GCA_000436035.1,14593,7926,6958,0.4768039470979237,0.5431371205372438,host_associated,p__Bacteroidota
s__Lelliottia_nimipressuralis--RS_GCF_004115925.1,6722,5824,5420,0.8063076465337697,0.8664088069027075,host_associated,p__Pseudomonadota
s__Avibacterium_paragallinarum--RS_GCF_900450705.1,6543,4178,3810,0.5823016964695094,0.6385450099342809,host_associated,p__Pseudomonadota
s__Coxiella_burnetii--RS_GCF_005280755.1,5213,2088,2021,0.3876846345674276,0.4005371187416075,host_associated,p__Pseudomonadota
s__Methyloprofundus_sp002189065--RS_GCF_002189065.1,13614,4169,3869,0.28419274276480094,0.30622888203320114,host_associated,p__Pseudomonadota
s__Corynebacterium_kefirresidentii--GB_GCA_002154655.1,4366,3357,2796,0.6404031149793862,0.7688960146587265,host_associated,p__Actinomycetota
s__Cronobacter_malonaticus--RS_GCF_001277215.2,14438,9043,7881,0.5458512259315694,0.6263332871588863,host_associated,p__Pseudomonadota
s__Rhizobium_leguminosarum_E--RS_GCF_000769405.2,15239,11710,9999,0.6561454163659033,0.7684231248769604,host_associated,p__Pseudomonadota
s__Clostridium_butyricum--RS_GCF_006742065.1,16269,10571,9055,0.5565799987706681,0.649763353617309,host_associated,p__Bacillota_A
s__Bacteroides_uniformis--GB_GCA_025147485.1,76475,43265,36075,0.4717227852239294,0.5657404380516509,host_associated,p__Bacteroidota
s__Negativibacillus_faecipullorum--GB_GCA_900547455.1,4598,2870,2706,0.5885167464114832,0.6241844280121792,host_associated,p__Bacillota_A
s__UBA636_sp900321955--GB_GCA_900321955.1,11842,5707,5536,0.46748859989866576,0.48192872825536226,host_associated,p__Bacillota
s__Thiodubiliella_sp900128405--RS_GCF_903642095.1,7354,2650,2482,0.3375033995104705,0.3603481098721784,host_associated,p__Pseudomonadota
s__SXON01_sp903885375--GB_GCA_903885375.1,7149,3105,2983,0.41726115540635056,0.43432647922786405,free_living,p__Myxococcota
s__Pediococcus_pentosaceus--RS_GCF_001437285.1,11066,6298,5674,0.5127417314296042,0.5691306705223206,host_associated,p__Bacillota
s__Brevundimonas_mediterranea_A--RS_GCF_011064825.1,11027,7063,6443,0.5842930987575949,0.6405187267615852,free_living,p__Pseudomonadota
s__Chlamydia_trachomatis--RS_GCF_000012125.1,1713,933,893,0.5213076474022184,0.5446584938704028,host_associated,p__Chlamydiota
s__HTCC2207_sp018654575--GB_GCA_018654575.1,5127,3377,3292,0.6420908913594695,0.658669787400039,free_living,p__Pseudomonadota
s__Pseudomonas_E_putida_B--RS_GCF_001636055.1,9072,7391,6632,0.7310405643738977,0.8147045855379189,host_associated,p__Pseudomonadota
s__Bacillus_A_thuringiensis_N--RS_GCF_001455345.1,12993,9012,7879,0.6064034480104672,0.6936042484414685,host_associated,p__Bacillota
s__Staphylococcus_hyicus--RS_GCF_000816085.1,4901,3649,3173,0.6474188941032443,0.7445419302183228,host_associated,p__Bacillota
s__Rhizobium_lentis--RS_GCF_017352135.1,10703,8647,7555,0.7058768569559937,0.8079043258899374,host_associated,p__Pseudomonadota
s__Roseinatronobacter_monicus--RS_GCF_006716865.1,8748,5874,5562,0.6358024691358025,0.6714677640603567,free_living,p__Pseudomonadota
s__Bifidobacterium_breve--RS_GCF_001025175.1,20987,8439,7476,0.3562205174631915,0.4021060656596941,host_associated,p__Actinomycetota
s__Ellagibacter_isourolithinifaciens--RS_GCF_008831035.1,8282,4475,4126,0.49818884327457136,0.5403284230862111,host_associated,p__Actinomycetota
s__Streptococcus_pasteurianus--RS_GCF_004843545.1,7179,4934,4477,0.62362446023123,0.6872823513024098,host_associated,p__Bacillota
s__UBA953_sp903829855--GB_GCA_903829855.1,5614,2855,2752,0.4902030637691486,0.508550053437834,free_living,p__Verrucomicrobiota
s__Marisimplicoccus_framensis--GB_GCA_905182065.1,3648,2318,2249,0.6165021929824561,0.6354166666666666,free_living,p__Bacteroidota
s__Campylobacter_testudinum--GB_GCA_000495505.1,5085,2569,2298,0.45191740412979353,0.5052114060963618,host_associated,p__Campylobacterota
s__UBA12059_sp001829185--GB_GCA_001829185.1,3894,2496,2326,0.5973292244478685,0.6409861325115562,free_living,p__Spirochaetota
s__Chlamydophila_abortus--RS_GCF_002895085.1,3264,1030,967,0.2962622549019608,0.31556372549019607,host_associated,p__Chlamydiota
s__Tropheryma_whipplei--RS_GCF_000007485.1,1723,714,695,0.4033662217063262,0.4143934997098085,host_associated,p__Actinomycetota
s__Acinetobacter_colistiniresistens--RS_GCF_000413935.1,7094,5735,4615,0.6505497603608683,0.8084296588666479,host_associated,p__Pseudomonadota
s__Faecousia_sp003525905--GB_GCA_003525905.1,5255,3365,3114,0.5925784966698382,0.6403425309229306,host_associated,p__Bacillota_A
s__UMGS1338_sp900550805--GB_GCA_022009755.1,5110,2554,2411,0.47181996086105676,0.49980430528375736,host_associated,p__Bacillota_A
s__Atlantibacter_hermannii--GB_GCA_900635495.1,14695,9648,8795,0.5985028921401837,0.6565498468866962,host_associated,p__Pseudomonadota
s__UBA1014_sp001469005--GB_GCA_001469005.2,11349,5459,5345,0.47096660498722354,0.481011542867213,free_living,p__SAR324
s__Wolbachia_pipientis--RS_GCF_021378375.1,16426,4971,4784,0.29124558626567637,0.30262997686594423,host_associated,p__Pseudomonadota
s__Enterococcus_D_casseliflavus--RS_GCF_001544095.1,20674,12550,10909,0.5276676018187095,0.607042662281126,host_associated,p__Bacillota
s__Microcystis_panniformis_A--GB_GCA_001264245.1,14135,7881,6677,0.4723735408560311,0.5575521754510081,free_living,p__Cyanobacteriota
s__UBA447_sp002503205--GB_GCA_002503205.1,4288,2300,2143,0.4997667910447761,0.5363805970149254,free_living,p__Thermoplasmatota
s__SHAN690_sp009937235--GB_GCA_018660685.1,4422,2618,2476,0.5599276345545002,0.5920398009950248,free_living,p__Bacteroidota
s__Mycoplasmoides_gallisepticum--RS_GCF_900476085.1,1659,869,665,0.4008438818565401,0.5238095238095238,host_associated,p__Bacillota
s__Haemophilus_haemolyticus_I--RS_GCF_003352385.1,3859,2936,2659,0.6890386110391293,0.7608188649909303,host_associated,p__Pseudomonadota
s__UMGS973_sp900547295--GB_GCA_900547295.1,5739,3390,3200,0.5575884300400766,0.5906952430737062,host_associated,p__Bacillota_A
s__Prevotella_sp900100635--RS_GCF_022024175.1,8744,5095,4697,0.5371683440073193,0.5826852698993595,host_associated,p__Bacteroidota
s__Roseburia_hominis--RS_GCF_000225345.1,8943,6578,5729,0.6406127697640612,0.7355473554735548,host_associated,p__Bacillota_A
s__Flavipsychrobacter_sp903877645--GB_GCA_903877645.1,7000,3472,3177,0.45385714285714285,0.496,free_living,p__Bacteroidota
s__CPC320_sp002336405--GB_GCA_002336405.1,10587,6455,6253,0.5906300179465382,0.6097100217247567,free_living,p__Pseudomonadota
s__Desulfovibrio_sp900556755--RS_GCF_012843875.1,6553,4067,3530,0.5386845719517778,0.6206317717076149,host_associated,p__Desulfobacterota
s__Pseudomonas_E_marincola--RS_GCF_900116605.1,9954,7211,6586,0.6616435603777376,0.724432388989351,free_living,p__Pseudomonadota
s__Thermodesulfobacterium_commune--RS_GCF_000734015.1,3087,2181,2058,0.6666666666666666,0.706511175898931,free_living,p__Desulfobacterota
s__Mesorhizobium_sp002294985--RS_GCF_002294985.1,54087,23062,21131,0.3906853772625585,0.4263871170521567,host_associated,p__Pseudomonadota
s__Burkholderia_multivorans--RS_GCF_000959525.1,53249,27545,23921,0.44922909350410334,0.5172867096095701,host_associated,p__Pseudomonadota
s__Mobiluncus_curtisii--RS_GCF_000146285.1,2995,2301,2079,0.6941569282136895,0.7682804674457429,host_associated,p__Actinomycetota
s__Mesorhizobium_sp006442685--RS_GCF_006442975.2,18082,12075,10548,0.5833425506028094,0.6677911735427497,free_living,p__Pseudomonadota
s__Aerococcus_urinae_B--RS_GCF_003286825.1,2520,2021,1928,0.765079365079365,0.801984126984127,host_associated,p__Bacillota
s__Aeromonas_caviae--RS_GCF_000819785.1,38301,19458,17195,0.44894389180439154,0.5080285110049346,host_associated,p__Pseudomonadota
s__CAG-170_sp900545925--GB_GCA_900545925.1,10825,6417,5831,0.5386605080831409,0.5927944572748268,host_associated,p__Bacillota_A
s__Alloprevotella_sp900539625--GB_GCA_900539625.1,6855,3610,3148,0.45922684172137124,0.5266229029905178,host_associated,p__Bacteroidota
s__Faecousia_sp900544945--GB_GCA_900544945.1,4289,3011,2834,0.6607600839356493,0.7020284448589414,host_associated,p__Bacillota_A
s__PALSA-747_sp903897155--GB_GCA_903897155.1,9162,4513,4432,0.48373717528923815,0.49257803972931674,free_living,p__Actinomycetota
s__Geothrix_sp903913215--GB_GCA_903913215.1,12205,6152,5952,0.4876689881196231,0.5040557148709546,free_living,p__Acidobacteriota
s__CAG-266_sp000436095--RS_GCF_023336935.1,4265,3195,3014,0.7066822977725674,0.7491207502930832,host_associated,p__Bacillota_C
s__Methanobrevibacter_A_smithii_A--RS_GCF_023617305.1,3761,2190,1991,0.5293804839138527,0.5822919436320128,host_associated,p__Methanobacteriota
s__Stutzerimonas_nitrititolerans--RS_GCF_003696285.1,21081,13600,12135,0.5756368293724207,0.6451306864000759,host_associated,p__Pseudomonadota
s__Pseudomonas_E_fluorescens_Q--RS_GCF_001623525.1,8578,7583,6887,0.8028678013522965,0.8840055957099557,free_living,p__Pseudomonadota
s__Eikenella_exigua--RS_GCF_008805035.1,3244,2155,1890,0.5826140567200987,0.6643033292231812,host_associated,p__Pseudomonadota
s__Yersinia_pestis--RS_GCF_900460465.1,43879,17292,15761,0.35919232434649834,0.3940837302582101,host_associated,p__Pseudomonadota
s__Anaerotruncus_massiliensis--RS_GCF_900199635.1,6699,4605,4178,0.6236751753993133,0.6874160322436185,host_associated,p__Bacillota_A
s__Collinsella_aerofaciens_G--RS_GCF_005844325.1,6797,3980,3734,0.5493600117698985,0.5855524496101221,host_associated,p__Actinomycetota
s__Zag111_sp002103105--GB_GCA_002103105.1,5652,2425,2261,0.4000353857041755,0.42905166312809623,host_associated,p__Cyanobacteriota
s__CAG-791_sp900317555--GB_GCA_900317555.1,15470,7101,6771,0.4376858435681965,0.4590174531351002,host_associated,p__Bacillota_A
s__Ruminococcus_E_sp900315085--GB_GCA_900315085.1,7119,3953,3696,0.5191740412979351,0.5552746172215198,host_associated,p__Bacillota_A
s__Cryptobacteroides_sp900321655--GB_GCA_900321655.1,5258,3078,2924,0.5561049828832255,0.5853936858120958,host_associated,p__Bacteroidota
s__Streptococcus_sobrinus--RS_GCF_000686605.1,12363,6010,5783,0.467766723287228,0.48612796246865647,host_associated,p__Bacillota
s__UBA5518_sp002396625--GB_GCA_016705365.1,10311,6041,5806,0.5630879643099602,0.5858791581805839,free_living,p__Pseudomonadota
s__Xanthomonas_euvesicatoria--RS_GCF_020880415.1,41546,17198,15684,0.3775092668367592,0.4139508015212054,host_associated,p__Pseudomonadota
s__Rhizobium_sophoriradicis--RS_GCF_003939025.1,11924,9523,8311,0.6969976517946997,0.7986413955048641,host_associated,p__Pseudomonadota
s__Achromobacter_insuavis--RS_GCF_902859645.1,12726,9255,8435,0.6628162816281629,0.7272512965582273,host_associated,p__Pseudomonadota
s__Acidithiobacillus_ferriphilus--RS_GCF_018854775.1,10360,5918,5280,0.5096525096525096,0.5712355212355212,free_living,p__Pseudomonadota
s__Streptomyces_flaveolus_A--RS_GCF_000716535.1,15497,11041,9316,0.6011486094082725,0.7124604762212041,free_living,p__Actinomycetota
s__Pseudomonas_E_marginalis--RS_GCF_001645105.1,12942,9674,8714,0.6733116983464689,0.7474887961675166,host_associated,p__Pseudomonadota
s__Listeria_marthii--GB_GCA_000183865.1,4805,3799,3212,0.6684703433922997,0.7906347554630593,free_living,p__Bacillota
s__Palsa-288_sp003162875--GB_GCA_003162875.1,11706,5448,5010,0.42798564838544334,0.4654023577652486,free_living,p__Acidobacteriota
s__Fen-455_sp003139355--GB_GCA_003139355.1,9583,4181,3984,0.4157361995199833,0.4362934362934363,free_living,p__Actinomycetota
s__Bacteroides_sp002491635--RS_GCF_004793475.1,8823,6212,5406,0.6127167630057804,0.7040689108013147,host_associated,p__Bacteroidota
s__Bacteroides_stercoris--GB_GCA_025147325.1,23928,16124,12822,0.5358575727181545,0.6738548980274156,host_associated,p__Bacteroidota
s__UBA9732_sp001940825--GB_GCA_001940825.1,4237,2566,2411,0.5690346943592164,0.6056171819683739,host_associated,p__Spirochaetota
s__UBA1685_sp002320595--GB_GCA_002320595.1,5790,3820,3501,0.6046632124352331,0.6597582037996546,host_associated,p__Bacillota_A
s__Eubacterium_I_ramulus--RS_GCF_000469345.1,8666,6487,5701,0.657858296792061,0.7485575813524117,host_associated,p__Bacillota_A
s__Neisseria_cinerea--RS_GCF_900475315.1,3672,2555,2308,0.6285403050108932,0.6958061002178649,host_associated,p__Pseudomonadota
s__Streptococcus_gallolyticus--RS_GCF_002000985.1,8011,5394,4735,0.5910622893521408,0.6733241792535264,host_associated,p__Bacillota
s__Aeromonas_media--RS_GCF_000819985.1,9617,6747,6263,0.6512425912446709,0.7015701362171155,free_living,p__Pseudomonadota
s__Proteus_mirabilis--RS_GCF_000160755.1,45662,18173,15683,0.34345845560860233,0.39798957557706627,host_associated,p__Pseudomonadota
s__Alistipes_onderdonkii--GB_GCA_025145285.1,17498,9629,8526,0.4872556863641559,0.5502914618813579,host_associated,p__Bacteroidota
s__Duodenibacillus_intestinigallinarum--RS_GCF_003472385.1,3725,2522,2431,0.6526174496644296,0.6770469798657718,host_associated,p__Pseudomonadota
s__UMGS1322_sp900550765--GB_GCA_900550765.1,5583,3129,2976,0.5330467490596453,0.5604513702310586,host_associated,p__Bacillota_A
s__UBA953_sp903840355--GB_GCA_903840355.1,2436,1771,1691,0.6941707717569786,0.7270114942528736,free_living,p__Verrucomicrobiota
s__Faecalibacterium_prausnitzii--RS_GCF_003324185.1,22160,13187,11725,0.5291064981949458,0.5950812274368231,host_associated,p__Bacillota_A
s__Alloscardovia_omnicolens--RS_GCF_000420505.1,2922,2005,1785,0.6108829568788501,0.6861738535249828,host_associated,p__Actinomycetota
s__Ewingella_americana--RS_GCF_000735345.1,7864,6197,5854,0.7444048830111902,0.7880213631739573,host_associated,p__Pseudomonadota
s__Rhizobium_leguminosarum--RS_GCF_002008365.1,32566,20961,17767,0.5455689983418289,0.6436467481422342,host_associated,p__Pseudomonadota
s__Nocardia_farcinica--RS_GCF_001182745.1,15155,9563,8021,0.5292642692180799,0.6310128670405807,host_associated,p__Actinomycetota
s__Listeria_cossartiae--RS_GCF_014224155.1,4119,3366,2934,0.7123088128186453,0.8171886380189366,free_living,p__Bacillota
s__Mesorhizobium_sp004791025--RS_GCF_004791025.1,27694,13782,12724,0.459449700296093,0.49765292121037047,host_associated,p__Pseudomonadota
s__Petrimonas_sp002356435--GB_GCA_002356435.2,11745,6712,6311,0.5373350361856108,0.5714772243507875,host_associated,p__Bacteroidota
s__Pluralibacter_gergoviae--RS_GCF_001598855.1,12899,9944,8749,0.6782696333049073,0.770912473835181,host_associated,p__Pseudomonadota
s__CAINVV01_sp903854235--GB_GCA_903854235.1,14597,6746,6458,0.4424196752757416,0.46214975679934234,free_living,p__Bacteroidota
s__Merdimonas_faecis--RS_GCF_001754075.1,6363,4976,4593,0.7218293257897218,0.7820210592487821,host_associated,p__Bacillota_A
s__Mannheimia_haemolytica--RS_GCF_004342115.1,9651,4983,4571,0.47362967568127656,0.5163195523779919,host_associated,p__Pseudomonadota
s__JABIKK01_sp018658955--GB_GCA_018658955.1,6751,2870,2659,0.3938675751740483,0.42512220411790846,free_living,p__Nanoarchaeota
s__CAIKXV01_sp020248265--GB_GCA_020248265.1,7328,5231,5037,0.6873635371179039,0.7138373362445415,free_living,p__Pseudomonadota
s__Neisseria_lactamica--RS_GCF_901482445.1,4811,2992,2685,0.5580960299314072,0.6219081272084805,host_associated,p__Pseudomonadota
s__Chromobacterium_haemolyticum--RS_GCF_000711885.1,10309,6851,6220,0.6033562906198467,0.6645649432534678,host_associated,p__Pseudomonadota
s__Gilliamella_apis--RS_GCF_002142155.1,4120,2794,2590,0.6286407766990292,0.6781553398058252,host_associated,p__Pseudomonadota
s__Limivicinus_sp003150355--GB_GCA_003150355.1,5527,3624,3382,0.6119051926904288,0.6556902478740727,host_associated,p__Bacillota_A
s__Pararoseburia_lenta--RS_GCF_014287435.1,5079,3766,3400,0.6694231147863753,0.7414845442016145,host_associated,p__Bacillota_A
s__CACNYO01_sp902589965--GB_GCA_902589965.1,2353,1759,1716,0.7292817679558011,0.7475563110922226,free_living,p__Pseudomonadota
s__Massilimicrobiota_merdigallinarum--RS_GCF_002160815.1,7601,5200,4608,0.6062360215761085,0.6841205104591501,host_associated,p__Bacillota
s__Rothia_dentocariosa--RS_GCF_000164695.2,6616,3216,2875,0.434552599758162,0.4860943168077388,host_associated,p__Actinomycetota
s__Eubacterium_F_sp910575665--GB_GCA_910575665.1,7691,5175,4597,0.5977116109738656,0.6728643869457808,host_associated,p__Bacillota_A
s__Stutzerimonas_sp002692525--RS_GCF_014764705.1,10004,6991,6455,0.6452419032387046,0.6988204718112755,free_living,p__Pseudomonadota
s__Cryptobacteroides_sp002438635--GB_GCA_002438635.1,4199,2278,2160,0.5144081924267683,0.5425101214574899,host_associated,p__Bacteroidota
s__Achromobacter_mucicolens--RS_GCF_902859725.1,14332,9672,8961,0.6252442087636059,0.6748534747418364,host_associated,p__Pseudomonadota
s__Pseudomonas_E_cerasi--RS_GCF_900074915.1,19357,12034,10301,0.532158908921837,0.6216872449243168,host_associated,p__Pseudomonadota
s__Bacillus_atrophaeus--RS_GCF_001584335.1,11022,6537,5778,0.5242242787152966,0.5930865541643985,free_living,p__Bacillota
s__Gluconobacter_A_cerinus--RS_GCF_002723935.1,9107,5598,5170,0.5676951795322279,0.6146919951685517,host_associated,p__Pseudomonadota
s__Saccharolobus_solfataricus--RS_GCF_900079115.1,4390,3343,2698,0.6145785876993166,0.761503416856492,free_living,p__Thermoproteota
s__Ventricola_sp900548125--GB_GCA_900548125.1,7027,4266,4016,0.5715098904226554,0.6070869503344244,host_associated,p__Bacillota_A
s__Clostridium_saudiense--RS_GCF_000577815.1,10703,6960,6085,0.5685321872372232,0.6502849668317294,host_associated,p__Bacillota_A
s__CACNYO01_sp902594855--GB_GCA_902594855.1,2208,1671,1636,0.7409420289855072,0.7567934782608695,free_living,p__Pseudomonadota
s__Prochlorococcus_A_pastoris--RS_GCF_000011465.1,7189,4798,4331,0.6024481847266657,0.6674085408262623,free_living,p__Cyanobacteriota
s__Bog-1340_sp903823865--GB_GCA_903823865.1,1218,497,484,0.3973727422003284,0.40804597701149425,free_living,p__Patescibacteria
s__Enterobacter_hormaechei--RS_GCF_001875655.1,13258,9568,8184,0.6172876753658169,0.7216774777492835,host_associated,p__Pseudomonadota
s__Rothia_mucilaginosa_A--RS_GCF_001061665.1,3630,2259,2082,0.5735537190082645,0.6223140495867768,host_associated,p__Actinomycetota
s__Parvibaculum_sp002480495--GB_GCA_002480495.1,6650,4771,4530,0.681203007518797,0.7174436090225564,free_living,p__Pseudomonadota
s__JABHGY01_sp018671775--GB_GCA_018671775.1,3153,1879,1787,0.5667618141452585,0.5959403742467492,free_living,p__Marinisomatota
s__Marinobacterium_sp013283365--RS_GCF_013283365.1,4495,3389,3220,0.7163515016685206,0.7539488320355952,free_living,p__Pseudomonadota
s__Rhizobium_leguminosarum_L--RS_GCF_000009265.1,26925,18579,15959,0.5927205199628598,0.6900278551532033,host_associated,p__Pseudomonadota
s__Campylobacter_D_lari--RS_GCF_013372185.1,3074,2165,1969,0.6405335068314899,0.7042940793754067,host_associated,p__Campylobacterota
s__Streptococcus_pseudopneumoniae--RS_GCF_002087075.1,11450,5316,4571,0.39921397379912665,0.4642794759825328,host_associated,p__Bacillota
s__Nocardia_seriolae--RS_GCF_007990715.1,9424,7054,6228,0.6608658743633277,0.7485144312393888,host_associated,p__Actinomycetota
s__Paenibacillus_B_sp001894745--RS_GCF_001894745.1,13054,8860,7587,0.5812011643940554,0.6787191665389919,free_living,p__Bacillota
s__MED-G52_sp001627375--GB_GCA_012270125.1,11365,6561,6296,0.5539815222173339,0.5772987241531016,free_living,p__Pseudomonadota
s__Megasphaera_stantonii--RS_GCF_003367905.1,4918,3435,3218,0.6543310288735258,0.6984546563643758,host_associated,p__Bacillota_C
s__CAITWD01_sp903896045--GB_GCA_903896045.1,2252,1432,1382,0.6136767317939609,0.6358792184724689,free_living,p__Actinomycetota
s__AAA044-D11_sp903836945--GB_GCA_903836945.1,2575,1678,1652,0.6415533980582524,0.6516504854368932,free_living,p__Actinomycetota
s__Methylopumilus_A_sp903899965--GB_GCA_903899965.1,4510,2831,2718,0.6026607538802661,0.6277161862527716,free_living,p__Pseudomonadota
s__CAITKP01_sp903885085--GB_GCA_903885085.1,8592,4233,3980,0.46322160148975794,0.4926675977653631,free_living,p__Campylobacterota
s__Helicobacter_D_pullorum--RS_GCF_017979475.1,6689,3212,2883,0.4310061294662879,0.4801913589475258,host_associated,p__Campylobacterota
s__Fusobacterium_animalis--RS_GCF_000158275.2,8880,5462,4488,0.5054054054054054,0.6150900900900901,host_associated,p__Fusobacteriota
s__Scatacola_A_faecigallinarum--GB_GCA_000436375.1,4313,1896,1771,0.41061905865986553,0.4396012056573151,host_associated,p__Pseudomonadota
s__Dysosmobacter_sp009774015--GB_GCA_910574635.1,11434,7132,6169,0.5395312226692321,0.6237537169844324,host_associated,p__Bacillota_A
s__Sphingobium_soli--RS_GCF_020782245.1,10582,7705,6735,0.6364581364581364,0.7281232281232282,free_living,p__Pseudomonadota
s__Enterousia_sp002437665--GB_GCA_002437665.1,1688,807,779,0.46149289099526064,0.47808056872037913,host_associated,p__Pseudomonadota
s__Staphylococcus_saprophyticus--RS_GCF_000010125.1,18923,8797,7648,0.40416424457009986,0.46488400359351056,host_associated,p__Bacillota
s__Staphylococcus_warneri_A--RS_GCF_003491325.1,5762,3804,3371,0.5850399166955919,0.6601874349184311,host_associated,p__Bacillota
s__Campylobacter_sp002139875--RS_GCF_002139875.1,3640,2255,2021,0.5552197802197802,0.6195054945054945,host_associated,p__Campylobacterota
s__Prochlorococcus_C_marinus_B--RS_GCF_000011485.1,8224,3980,3399,0.41330252918287935,0.48394941634241245,free_living,p__Cyanobacteriota
s__Aeromonas_jandaei--RS_GCF_000819955.1,11475,8035,7223,0.6294553376906318,0.7002178649237473,host_associated,p__Pseudomonadota
s__Pseudomonas_E_proteolytica--RS_GCF_007858275.1,11596,9150,7995,0.6894618834080718,0.7890651948947913,free_living,p__Pseudomonadota
s__Corynebacterium_macginleyi--RS_GCF_003688935.1,4813,2986,2577,0.5354248909204239,0.6204030750051943,host_associated,p__Actinomycetota
s__F23-D06_sp900319925--GB_GCA_900319925.1,9909,4794,4389,0.44293066908870726,0.4838026036936119,host_associated,p__Bacteroidota
s__UBA12108_sp001002415--GB_GCA_001002415.1,1761,745,732,0.41567291311754684,0.4230550823395798,free_living,p__Patescibacteria
s__Vibrio_harveyi--RS_GCF_001591145.1,24591,13514,11303,0.4596397055833435,0.5495506486112806,host_associated,p__Pseudomonadota
s__Pseudomonas_E_sp001655615--RS_GCF_001655615.1,11395,9287,8222,0.7215445370776656,0.8150065818341378,free_living,p__Pseudomonadota
s__Capnocytophaga_canis--RS_GCF_000827555.1,4998,3343,2810,0.5622248899559824,0.6688675470188076,host_associated,p__Bacteroidota
s__SFEL01_sp004557245--GB_GCA_004557245.1,11149,5759,5401,0.48443806619427754,0.5165485693784196,host_associated,p__Bacillota_A
s__Faecousia_sp900540635--GB_GCA_900540635.1,5858,4193,3834,0.6544895868897235,0.7157733014680778,host_associated,p__Bacillota_A
s__CAITNM01_sp903893805--GB_GCA_903893805.1,2932,1510,1455,0.49624829467939974,0.515006821282401,free_living,p__Pseudomonadota
s__Butyricicoccus_A_intestinisimiae--RS_GCF_018918345.1,5558,3687,3399,0.6115509175962577,0.6633681180280676,host_associated,p__Bacillota_A
s__Bifidobacterium_catenulatum--RS_GCF_001025195.1,3938,2776,2439,0.6193499238191975,0.7049263585576435,host_associated,p__Actinomycetota
s__Apibacter_sp002964915--RS_GCF_011082725.1,3427,2295,2016,0.588269623577473,0.6696819375547126,host_associated,p__Bacteroidota
s__Gemmiger_sp004561545--GB_GCA_004561545.1,6250,4139,3862,0.61792,0.66224,host_associated,p__Bacillota_A
s__Thiolapillus_brandeum_A--GB_GCA_011051425.1,17108,6035,5606,0.32768295534252984,0.3527589431844751,host_associated,p__Pseudomonadota
s__RUG11894_sp017412505--GB_GCA_017412505.1,6467,3924,3816,0.5900726766661513,0.6067728467604763,host_associated,p__Bacillota_A
s__Liquorilactobacillus_nagelii--RS_GCF_019444005.1,4300,3360,3102,0.7213953488372093,0.7813953488372093,free_living,p__Bacillota
s__Acetobacter_senegalensis--RS_GCF_001580995.1,9361,5650,5241,0.5598760816152121,0.6035679948723427,host_associated,p__Pseudomonadota
s__Bacillus_A_cytotoxicus--RS_GCF_000017425.1,8156,5801,5163,0.633030897498774,0.7112555174104953,free_living,p__Bacillota
s__Yersinia_mollaretii--RS_GCF_013282725.1,9602,7427,6351,0.6614247031868361,0.7734846906894397,host_associated,p__Pseudomonadota
s__Xanthomonas_fragariae--RS_GCF_900183975.1,10437,5368,5079,0.48663409025582066,0.5143240394749449,host_associated,p__Pseudomonadota
s__Pseudomonas_E_pharyngis--RS_GCF_021602345.1,9491,8038,7147,0.7530291855441997,0.84690759667053,free_living,p__Pseudomonadota
s__Rhizobium_bangladeshense--RS_GCF_017357245.1,14368,10415,9160,0.6375278396436526,0.7248747216035635,host_associated,p__Pseudomonadota
s__Limnospira_platensis--GB_GCA_016745315.1,8545,5669,4994,0.5844353423054418,0.6634289057928613,free_living,p__Cyanobacteriota
s__Pectobacterium_atrosepticum--GB_GCA_019056595.1,6525,5517,4912,0.7527969348659004,0.8455172413793104,host_associated,p__Pseudomonadota
s__SFEB01_sp004558105--GB_GCA_004558105.1,3540,1704,1634,0.4615819209039548,0.48135593220338985,host_associated,p__Bacillota_A
s__Alistipes_dispar--RS_GCF_006542685.1,4209,3288,2894,0.6875742456640532,0.7811831789023521,host_associated,p__Bacteroidota
s__Lactobacillus_helveticus--RS_GCF_000160855.1,20980,9464,8373,0.3990943755958055,0.45109628217349856,host_associated,p__Bacillota
s__Cloacibacillus_porcorum--RS_GCF_001701045.1,8112,5043,4803,0.5920857988165681,0.6216715976331361,host_associated,p__Synergistota
s__Alloprevotella_sp004552865--RS_GCF_021531665.1,4763,2521,2405,0.5049338652110015,0.5292882636993491,host_associated,p__Bacteroidota
s__Brachyspira_pilosicoli--RS_GCF_000325665.1,7403,3725,3499,0.4726462245035796,0.5031743887613129,host_associated,p__Spirochaetota
s__Kerstersia_gyiorum--RS_GCF_004216755.1,5573,4353,4056,0.7277947245648663,0.7810873856091871,host_associated,p__Pseudomonadota
s__Methylophaga_sp002696735--GB_GCA_002696735.1,7358,4708,4457,0.6057352541451482,0.6398477847241099,free_living,p__Pseudomonadota
s__Cellulosilyticum_lentocellum--RS_GCF_000178835.2,10049,6360,5763,0.5734898994924869,0.6328987959000896,host_associated,p__Bacillota_A
s__Streptomyces_rimosus--RS_GCF_008704655.1,21188,13452,11055,0.52175759864074,0.6348876722673211,free_living,p__Actinomycetota
s__Mesorhizobium_wenxiniae--RS_GCF_002284535.1,50670,24313,22444,0.442944543122163,0.4798302743240576,host_associated,p__Pseudomonadota
s__Corynebacterium_simulans--RS_GCF_001586215.1,4670,3327,2872,0.6149892933618843,0.7124197002141328,host_associated,p__Actinomycetota
s__Tenacibaculum_dicentrarchi--RS_GCF_900239345.1,4634,3355,2776,0.5990504963314631,0.7239965472593871,host_associated,p__Bacteroidota
s__Allorhizobium_cremeum--RS_GCF_022884085.1,8095,6724,6052,0.7476219888820259,0.8306361951822112,host_associated,p__Pseudomonadota
s__Ligilactobacillus_murinus--RS_GCF_001591685.1,8604,4850,4301,0.4998837749883775,0.5636913063691307,host_associated,p__Bacillota
s__Prevotella_sp900314985--GB_GCA_900314985.1,7053,4253,3910,0.5543740252374876,0.6030058131291649,host_associated,p__Bacteroidota
s__Prevotella_sp900318795--GB_GCA_900318795.1,9568,5328,4948,0.5171404682274248,0.5568561872909699,host_associated,p__Bacteroidota
s__Dialister_succinatiphilus--RS_GCF_000242435.1,5241,3001,2792,0.5327227628315208,0.5726006487311581,host_associated,p__Bacillota_C
s__Geothrix_sp903857495--GB_GCA_903857495.1,3537,2642,2543,0.7189708792762228,0.7469607011591745,free_living,p__Acidobacteriota
s__Phocaeicola_sp000434735--GB_GCA_000434735.1,7601,4962,4534,0.5965004604657282,0.6528088409419813,host_associated,p__Bacteroidota
s__UBA11524_sp000437595--GB_GCA_000437595.1,16662,7393,6890,0.4135157844196375,0.4437042371864122,host_associated,p__Bacillota_A
s__Prevotella_melaninogenica--RS_GCF_000144405.1,16078,8200,6879,0.4278517228511009,0.510013683293942,host_associated,p__Bacteroidota
s__Micropelagos_sp002450335--GB_GCA_002450335.1,4338,2991,2911,0.6710465652374366,0.6894882434301521,free_living,p__Pseudomonadota
s__Moraxella_A_osloensis--RS_GCF_001553955.1,7438,4942,4403,0.5919602043560097,0.664425920946491,host_associated,p__Pseudomonadota
s__Salinibacter_ruber--RS_GCF_000013045.1,21676,9869,8990,0.41474441778926,0.4552961801070308,free_living,p__Bacteroidota
s__Brevibacillus_borstelensis--RS_GCF_003710865.1,9142,6372,5700,0.6234959527455699,0.6970028440166266,free_living,p__Bacillota
s__JADJOM01_sp016713785--GB_GCA_016713785.1,8206,4089,3866,0.4711186936388009,0.4982939312698026,free_living,p__Gemmatimonadota
s__Snodgrassella_communis--RS_GCF_914768045.1,5641,3116,2728,0.48360219819180994,0.5523843290196774,host_associated,p__Pseudomonadota
s__Corynebacterium_striatum--RS_GCF_000159135.1,6964,4587,3900,0.5600229753015509,0.6586731763354394,host_associated,p__Actinomycetota
s__Aeromonas_sobria--RS_GCF_000820145.1,9678,7062,6458,0.6672866294688985,0.7296962182269063,host_associated,p__Pseudomonadota
s__Pantoea_endophytica--RS_GCF_002858935.1,9331,7157,6613,0.7087128925088415,0.7670131818668953,host_associated,p__Pseudomonadota
s__Ruegeria_sp013111185--RS_GCF_013111185.1,7070,5632,5165,0.7305516265912305,0.7966053748231966,host_associated,p__Pseudomonadota
s__Brocadia_sapporoensis--RS_GCF_001753675.2,5565,3096,2854,0.512848158131177,0.5563342318059299,free_living,p__Planctomycetota
s__Ventricola_sp900542445--GB_GCA_900542445.1,7913,4302,4093,0.5172500947807406,0.543662327814988,host_associated,p__Bacillota_A
s__Succiniclasticum_sp900315925--GB_GCA_900315925.1,18337,8484,7890,0.43027758084746687,0.4626711021432077,host_associated,p__Bacillota_C
s__UBA1711_sp900317125--GB_GCA_900317125.1,8703,4068,3723,0.42778352292312993,0.4674250258531541,host_associated,p__Bacteroidota
s__Weissella_cibaria--RS_GCF_000193635.1,12684,5613,5226,0.4120151371807001,0.4425260170293283,host_associated,p__Bacillota
s__Carnobacterium_maltaromaticum--RS_GCF_000744945.1,10024,6620,5885,0.5870909816440543,0.660415003990423,host_associated,p__Bacillota
s__Pseudomonas_E_simiae--RS_GCF_900111895.1,11446,8913,7816,0.682858640573126,0.7786999825266469,host_associated,p__Pseudomonadota
s__Mesomycoplasma_hyopneumoniae--RS_GCF_000008205.1,1684,845,638,0.37885985748218526,0.5017814726840855,host_associated,p__Bacillota
s__Mycobacterium_intracellulare--RS_GCF_000277125.1,25527,15827,13486,0.5283033650644415,0.6200101852940024,host_associated,p__Actinomycetota
s__Fusobacterium_hwasookii--RS_GCF_014217355.1,4082,3104,2609,0.6391474767270946,0.7604115629593337,host_associated,p__Fusobacteriota
s__Cognaticolwellia_sp014077005--RS_GCF_014077005.1,5652,4470,4114,0.7278839348903043,0.7908704883227177,free_living,p__Pseudomonadota
s__Vescimonas_sp900545585--GB_GCA_900545585.1,6819,4666,4106,0.6021410764041648,0.6842645549200762,host_associated,p__Bacillota_A
s__Vescimonas_sp900313295--GB_GCA_900313295.1,6341,4129,3736,0.5891815171108657,0.651159123166693,host_associated,p__Bacillota_A
s__Ruminococcus_C_callidus--RS_GCF_000468015.1,8850,4933,4411,0.4984180790960452,0.5574011299435028,host_associated,p__Bacillota_A
s__Ligilactobacillus_salivarius--RS_GCF_001435955.1,18658,8240,7419,0.3976310429842427,0.44163361560724623,host_associated,p__Bacillota
s__Prevotella_pectinovora--RS_GCF_000834015.1,9406,5069,4460,0.47416542632362324,0.5389113331915798,host_associated,p__Bacteroidota
s__Rodentibacter_pneumotropicus--RS_GCF_000379905.1,4823,3328,2961,0.613933236574746,0.6900269541778976,host_associated,p__Pseudomonadota
s__Sulfitobacter_mediterraneus_A--RS_GCF_016801775.1,4391,4089,3755,0.8551582782965156,0.9312229560464587,host_associated,p__Pseudomonadota
s__Microcystis_aeruginosa--RS_GCF_000010625.1,19753,9926,8427,0.42661874145699386,0.5025059484635245,free_living,p__Cyanobacteriota
s__Methanarcanum_hacksteinii--GB_GCA_006954405.1,3246,1699,1590,0.4898336414048059,0.5234134319162046,host_associated,p__Thermoplasmatota
s__Bulleidia_sp900319505--GB_GCA_900319505.1,4379,2838,2635,0.6017355560630281,0.6480931719570678,host_associated,p__Bacillota
s__Dehalococcoides_mccartyi_B--RS_GCF_000830885.1,3265,2288,1960,0.6003062787136294,0.7007656967840735,free_living,p__Chloroflexota
s__Microbacterium_sp000800925--RS_GCF_007954505.1,6799,5201,4650,0.683924106486248,0.7649654360935432,free_living,p__Actinomycetota
s__Roseitalea_stylonematis--RS_GCF_003149475.2,4354,3751,3549,0.815112540192926,0.8615066605420303,free_living,p__Pseudomonadota
s__Streptococcus_suis_P--GB_GCA_002831545.1,16912,8855,7388,0.43684957426679283,0.5235927152317881,host_associated,p__Bacillota
s__Pseudomonas_E_pudica--RS_GCF_015680405.1,8296,6897,6236,0.7516875602700096,0.831364513018322,free_living,p__Pseudomonadota
s__Helicobacter_pylori_BU--RS_GCF_900120335.1,22153,6876,5973,0.26962488150589087,0.3103868550534916,host_associated,p__Campylobacterota
s__Streptomyces_globisporus--GB_GCA_014649555.1,15137,10865,9011,0.5952962938495078,0.7177776309704698,free_living,p__Actinomycetota
s__Megasphaera_sp001546855--RS_GCF_001546855.1,3150,2354,2225,0.7063492063492064,0.7473015873015874,host_associated,p__Bacillota_C
s__Amedibacterium_intestinale--RS_GCF_010537335.1,6572,4822,4277,0.6507912355447353,0.7337188070602556,host_associated,p__Bacillota
s__Vescimonas_sp900552475--GB_GCA_900552475.1,4665,3081,2926,0.6272240085744909,0.6604501607717042,host_associated,p__Bacillota_A
s__UBA7446_sp002862705--GB_GCA_002862705.1,3118,2174,2057,0.6597177677998717,0.6972418216805645,free_living,p__Bacteroidota
s__Prevotella_ruminicola--RS_GCF_000025925.1,8247,5453,5039,0.6110100642657936,0.6612101370195222,host_associated,p__Bacteroidota
s__Planktothrix_rubescens--GB_GCA_904830895.1,9382,6480,5578,0.59454274141974,0.6906842890641655,free_living,p__Cyanobacteriota
s__Phocaeicola_barnesiae--RS_GCF_000374585.1,9820,7067,6086,0.619755600814664,0.719653767820774,host_associated,p__Bacteroidota
s__Treponema_D_porcinum--RS_GCF_900167145.1,7448,3967,3626,0.4868421052631579,0.532626208378088,host_associated,p__Spirochaetota
s__Cutibacterium_modestum--RS_GCF_008326345.1,3368,2413,2268,0.6733966745843231,0.7164489311163895,host_associated,p__Actinomycetota
s__JADHTT01_sp018662405--GB_GCA_018662405.1,2543,1757,1670,0.656704679512387,0.6909162406606371,free_living,p__Campylobacterota
s__Lactobacillus_intestinalis--RS_GCF_024397795.1,3147,2487,2177,0.6917699396250397,0.7902764537654909,host_associated,p__Bacillota
s__Rhizobium_altiplani--RS_GCF_001542405.1,18456,12463,10968,0.5942782834850455,0.6752817511920243,host_associated,p__Pseudomonadota
s__Legionella_C_taurinensis--RS_GCF_900452865.1,3722,2988,2625,0.7052659860290167,0.8027941966684579,free_living,p__Pseudomonadota
s__Pseudomonas_E_kribbensis--RS_GCF_003352185.1,8196,7183,6369,0.777086383601757,0.8764031234748658,free_living,p__Pseudomonadota
s__Scatousia_sp900321895--GB_GCA_900321895.1,3357,1598,1540,0.4587429252308609,0.4760202561811141,host_associated,p__Cyanobacteriota
s__Eubacterium_G_sp000434315--GB_GCA_902363805.1,7489,4894,4306,0.5749766323941782,0.6534917879556683,host_associated,p__Bacillota_A
s__UBA4372_sp900320565--GB_GCA_900320565.1,7028,3636,3422,0.4869095048377917,0.5173591348890154,host_associated,p__Bacteroidota
s__Halomonas_aquamarina--RS_GCF_900110265.1,15182,9536,8907,0.5866815966275853,0.6281122381767883,free_living,p__Pseudomonadota
s__Citrobacter_europaeus--GB_GCA_020099315.1,8418,7202,6409,0.7613447374673319,0.8555476360180565,host_associated,p__Pseudomonadota
s__Methanoculleus_sp002508705--GB_GCA_002508705.1,5577,3185,2846,0.510310202617895,0.5710955710955711,host_associated,p__Halobacteriota
s__Leptospirillum_A_rubarum--RS_GCF_000299235.1,8597,4169,3885,0.4519018262184483,0.4849366057927184,free_living,p__Nitrospirota_A
s__Dietzia_cercidiphylli--RS_GCF_014145145.1,9440,5916,5495,0.5820974576271186,0.6266949152542373,free_living,p__Actinomycetota
s__Synechocystis_sp000284455--RS_GCF_000284455.1,4237,3713,3305,0.7800330422468728,0.8763275902761388,free_living,p__Cyanobacteriota
s__Bartonella_henselae--RS_GCF_000046705.1,2684,1820,1630,0.6073025335320418,0.6780923994038748,host_associated,p__Pseudomonadota
s__Capnocytophaga_canimorsus--RS_GCF_002302565.1,7299,4138,3521,0.4823948486093986,0.566926976298123,host_associated,p__Bacteroidota
s__Synechococcus_B_sp009836025--GB_GCA_009836025.1,6176,2520,2392,0.3873056994818653,0.40803108808290156,host_associated,p__Cyanobacteriota
s__Angelakisella_sp004557855--GB_GCA_004557855.1,3342,2204,2068,0.6187911430281269,0.6594853381208857,host_associated,p__Bacillota_A
s__Enterocloster_sp000431375--RS_GCF_003473545.1,10698,7232,6502,0.607777154608338,0.6760142082632268,host_associated,p__Bacillota_A
s__Prevotella_denticola--RS_GCF_900454835.1,6153,4141,3559,0.578417032341947,0.6730050381927515,host_associated,p__Bacteroidota
s__Diaphorobacter_nitroreducens--GB_GCA_003755025.1,16579,11452,10426,0.6288678448639845,0.6907533626877375,free_living,p__Pseudomonadota
s__UBA10092_sp003455995--GB_GCA_003455995.1,991,531,515,0.5196770938446014,0.5358224016145308,free_living,p__Patescibacteria
s__Providencia_rettgeri_A--RS_GCF_001874625.1,16113,9965,8587,0.5329237261838268,0.6184447340656613,host_associated,p__Pseudomonadota
s__Microcystis_sp002282935--GB_GCA_002282935.1,22093,10159,8691,0.3933825193500204,0.45982890508305796,free_living,p__Cyanobacteriota
s__Rectinema_sp012516755--GB_GCA_012516755.1,6799,3256,3119,0.45874393293131344,0.4788939549933814,free_living,p__Spirochaetota
s__Glutamicibacter_nicotianae--RS_GCF_006539525.1,6941,5149,4770,0.6872208615473274,0.7418239446765595,free_living,p__Actinomycetota
s__Staphylococcus_singaporensis--RS_GCF_022493055.1,4292,3412,3086,0.7190121155638397,0.7949673811742777,host_associated,p__Bacillota
s__Collinsella_aerofaciens_H--RS_GCF_901212495.1,10978,6126,5603,0.5103844051739843,0.5580251411914738,host_associated,p__Actinomycetota
s__UBA1724_sp900548225--GB_GCA_900548225.1,4609,2161,2061,0.4471685832067694,0.46886526361466696,host_associated,p__Verrucomicrobiota
s__ER4_sp900317525--RS_GCF_018918025.1,13523,7373,6628,0.4901279301930045,0.5452192560822303,host_associated,p__Bacillota_A
s__Ruminococcus_F_champanellensis--RS_GCF_000210095.1,5986,3225,3029,0.5060140327430671,0.5387570998997662,host_associated,p__Bacillota_A
s__Cryptobacteroides_sp900546925--GB_GCA_900546925.1,9298,5098,4584,0.49300924930092493,0.5482899548289955,host_associated,p__Bacteroidota
s__Lactobacillus_melliventris--RS_GCF_013346935.1,3423,2754,2532,0.7397020157756354,0.8045574057843996,host_associated,p__Bacillota
s__Tenacibaculum_piscium--RS_GCF_021390715.1,5109,3353,2903,0.5682129575259346,0.6562928165981601,host_associated,p__Bacteroidota
s__Rhizobium_leguminosarum_J--RS_GCF_000023185.1,17062,12876,11169,0.6546125893799085,0.7546594772007971,host_associated,p__Pseudomonadota
s__Comamonas_testosteroni_B--RS_GCF_000739375.1,10405,8107,7286,0.7002402691013936,0.7791446419990389,free_living,p__Pseudomonadota
s__Pseudomonas_E_caricapapayae--RS_GCF_001400735.1,9964,7421,6532,0.6555600160578081,0.7447812123645122,host_associated,p__Pseudomonadota
s__Hafnia_paralvei--RS_GCF_001655005.1,15910,11021,9500,0.5971087366436204,0.6927089880578252,host_associated,p__Pseudomonadota
s__JGIOTU-2_sp000404785--GB_GCA_000404785.1,5138,2702,2548,0.49591280653950953,0.5258855585831063,free_living,p__Cloacimonadota
s__Phocaeicola_vulgatus--RS_GCF_000012825.1,74555,40061,33385,0.4477902219837704,0.5373348534638858,host_associated,p__Bacteroidota
s__Cryptobacteroides_sp000431015--GB_GCA_000431015.1,9181,5174,4663,0.5078967432741531,0.5635551682823222,host_associated,p__Bacteroidota
s__Faecalitalea_cylindroides--RS_GCF_000469305.1,4815,3409,3082,0.6400830737279335,0.7079958463136033,host_associated,p__Bacillota
s__Dialister_hominis--RS_GCF_007164725.1,3106,2267,2166,0.6973599484867997,0.7298776561493883,host_associated,p__Bacillota_C
s__Corynebacterium_matruchotii--RS_GCF_011612265.2,10422,3787,3361,0.32249088466705045,0.3633659566302053,host_associated,p__Actinomycetota
s__Halomonas_litopenaei--RS_GCF_003045775.1,9045,6425,5971,0.6601437258153676,0.7103372028745163,free_living,p__Pseudomonadota
s__Corynebacterium_variabile--RS_GCF_006539825.1,8099,5041,4493,0.5547598468946784,0.6224225212989258,host_associated,p__Actinomycetota
s__Streptococcus_iniae--RS_GCF_003674745.1,4635,3163,2827,0.6099244875943906,0.6824163969795037,host_associated,p__Bacillota
s__VadinCA11_sp002498365--GB_GCA_002498365.1,3249,1902,1785,0.5493998153277931,0.5854108956602031,free_living,p__Thermoplasmatota
s__Microbacterium_maritypicum_A--RS_GCF_000455825.1,6902,5062,4556,0.6600985221674877,0.733410605621559,free_living,p__Actinomycetota
s__Afipia_broomeae--RS_GCF_000314675.2,12404,7717,6922,0.5580457916801032,0.6221380199935505,free_living,p__Pseudomonadota
s__Acetobacter_peroxydans--RS_GCF_006539345.1,3570,2642,2533,0.7095238095238096,0.7400560224089636,free_living,p__Pseudomonadota
s__Paracoccus_denitrificans--RS_GCF_900100045.1,7080,6176,5565,0.7860169491525424,0.8723163841807909,free_living,p__Pseudomonadota
s__Pseudomonas_E_chlororaphis--RS_GCF_003945765.1,13710,10249,9197,0.6708242159008023,0.7475565280816922,free_living,p__Pseudomonadota
s__Thermotoga_maritima--RS_GCF_000008545.1,2755,2258,2163,0.7851179673321234,0.8196007259528131,free_living,p__Thermotogota
s__Cryptobacteroides_sp004554455--GB_GCA_004554455.1,6324,3337,3195,0.5052182163187856,0.5276723592662872,host_associated,p__Bacteroidota
s__Tractidigestivibacter_sp900548775--GB_GCA_900548775.1,6614,4125,3838,0.5802842455397641,0.6236770486846084,host_associated,p__Actinomycetota
s__Methanomethylophilus_sp001481295--RS_GCF_001481295.1,4916,2428,2227,0.4530105777054516,0.49389747762408465,host_associated,p__Thermoplasmatota
s__Rubrivivax_sp903938815--GB_GCA_903938815.1,10418,6619,6412,0.6154732194279132,0.6353426761374544,free_living,p__Pseudomonadota
s__UBA3064_sp005787245--GB_GCA_900299025.1,10847,5684,5552,0.5118465935281644,0.5240158569189638,free_living,p__Pseudomonadota
s__Turicimonas_muris--RS_GCF_002221595.1,3832,2876,2700,0.7045929018789144,0.7505219206680585,host_associated,p__Pseudomonadota
s__Plesiomonas_shigelloides--RS_GCF_900087055.1,10768,6626,5854,0.5436478454680534,0.6153417533432393,host_associated,p__Pseudomonadota
s__Corynebacterium_parakroppenstedtii--RS_GCF_019754935.1,3514,2382,2186,0.6220830961866819,0.6778599886169607,host_associated,p__Actinomycetota
s__Novosphingobium_capsulatum--RS_GCF_001598375.1,7541,5776,5260,0.6975202227821243,0.7659461609866065,free_living,p__Pseudomonadota
s__GCF-000787395_sp000787395--RS_GCF_000787395.1,6334,3839,3573,0.5640985159456899,0.6060940953583833,host_associated,p__Pseudomonadota
s__Xanthomonas_sp001423585--RS_GCF_001423585.1,7667,5322,4826,0.6294508934394156,0.694143732881179,host_associated,p__Pseudomonadota
s__Eisenbergiella_porci--RS_GCF_009696275.1,18008,12813,11383,0.6321079520213239,0.7115171035095513,host_associated,p__Bacillota_A
s__CAIPMZ01_sp903861715--GB_GCA_903861715.1,3900,1490,1446,0.3707692307692308,0.382051282051282,free_living,p__Patescibacteria
s__Micrococcus_luteus--RS_GCF_000023205.1,23669,10490,9504,0.40153787654738266,0.4431957412649457,host_associated,p__Actinomycetota
s__UBA11703_sp001822075--GB_GCA_001822075.1,1062,573,555,0.5225988700564972,0.53954802259887,free_living,p__Patescibacteria
s__Streptococcus_symci--RS_GCF_006385165.1,5928,4008,3218,0.5428475033738192,0.6761133603238867,host_associated,p__Bacillota
s__CAG-448_sp003150135--GB_GCA_022009675.1,6131,2805,2650,0.4322296525852226,0.4575110096232262,host_associated,p__Bacillota_A
s__CAIUCS01_sp903897715--GB_GCA_903897715.1,5998,3355,3112,0.5188396132044014,0.559353117705902,free_living,p__Cyanobacteriota
s__CAG-170_sp000432135--GB_GCA_000432135.1,7320,4728,4355,0.5949453551912568,0.6459016393442623,host_associated,p__Bacillota_A
s__Lactiplantibacillus_pentosus--RS_GCF_003641185.1,12133,7484,6583,0.5425698508200775,0.6168301326959532,host_associated,p__Bacillota
s__Lactococcus_cremoris--RS_GCF_001591705.1,13159,6788,5982,0.45459381411961397,0.5158446690478,free_living,p__Bacillota
s__Malaciobacter_marinus--RS_GCF_003544855.1,4636,3372,3152,0.6798964624676446,0.727351164797239,free_living,p__Campylobacterota
s__Photorhabdus_laumondii--RS_GCF_003343245.1,7773,5743,5208,0.6700115785411038,0.7388395728804837,host_associated,p__Pseudomonadota
s__Sulfolobus_acidocaldarius--RS_GCF_000012285.1,3586,2513,2007,0.5596765197992192,0.7007808142777467,free_living,p__Thermoproteota
s__Shewanella_algae--RS_GCF_009183365.2,17820,10776,9030,0.5067340067340067,0.6047138047138048,host_associated,p__Pseudomonadota
s__Burkholderia_sp002223185--RS_GCF_016899425.1,19297,14188,12487,0.647095403430585,0.7352438202829455,free_living,p__Pseudomonadota
s__Mesorhizobium_sp003952505--RS_GCF_003952505.1,24027,13303,12342,0.5136721188662754,0.5536687892787281,host_associated,p__Pseudomonadota
s__Eubacterium_F_sp900539115--GB_GCA_900539115.1,8008,4768,4335,0.5413336663336663,0.5954045954045954,host_associated,p__Bacillota_A
s__Evtepia_sp902781745--GB_GCA_902781745.1,5110,3052,2907,0.5688845401174168,0.5972602739726027,host_associated,p__Bacillota_A
s__Blautia_A_sp000285855--GB_GCA_000285855.2,9743,6397,5870,0.6024838345478806,0.6565739505285846,host_associated,p__Bacillota_A
s__CAG-274_sp000432155--GB_GCA_000432155.1,6214,3582,3375,0.5431284196974574,0.576440296105568,host_associated,p__Bacillota_A
s__CAG-95_sp000438155--GB_GCA_000438155.1,10965,6188,5585,0.5093479252165982,0.5643410852713179,host_associated,p__Bacillota_A
s__Euzebyella_marina--RS_GCF_014855515.1,6298,5075,4553,0.7229279136233725,0.8058113686884726,free_living,p__Bacteroidota
s__Eubacterium_B_sulci--GB_GCA_001189495.1,8323,4624,4182,0.5024630541871922,0.5555689054427491,host_associated,p__Bacillota_A
s__Bulleidia_sp015256775--GB_GCA_015256775.1,9200,4796,4355,0.4733695652173913,0.5213043478260869,host_associated,p__Bacillota
s__UBA1138_sp009937285--GB_GCA_009937285.1,9457,4528,4338,0.4587078354657925,0.4787987733953685,free_living,p__Gemmatimonadota
s__Lactobacillus_bombicola--RS_GCF_900112665.1,3179,2171,1949,0.6130858760616547,0.6829191569675999,host_associated,p__Bacillota
s__Pectobacterium_parmentieri--RS_GCF_001742145.1,9656,7494,6274,0.649751449875725,0.7760977630488816,host_associated,p__Pseudomonadota
s__Haloarcula_hispanica--RS_GCF_000223905.1,7124,5254,4010,0.5628860190903987,0.7375070185289163,free_living,p__Halobacteriota
s__RAAP-2_sp903871335--GB_GCA_903871335.1,4328,2569,2478,0.572550831792976,0.5935767097966729,free_living,p__Actinomycetota
s__Lachnoclostridium_B_sp000765215--RS_GCF_000765215.1,5773,4415,4111,0.712108089381604,0.7647670188809977,host_associated,p__Bacillota_A
s__Prevotella_sp002933775--RS_GCF_002933775.1,4358,3001,2696,0.6186324001835705,0.6886186324001836,host_associated,p__Bacteroidota
s__PHOS-HE28_sp002396605--GB_GCA_016700415.1,11010,4204,3948,0.35858310626703,0.3818346957311535,free_living,p__Bacteroidota
s__Nocardia_nova--RS_GCF_001613005.1,14041,10530,8969,0.6387721672245567,0.7499465850010683,host_associated,p__Actinomycetota
s__Campylobacter_B_ureolyticus--RS_GCF_013372225.1,3368,2333,2013,0.5976840855106889,0.6926959619952494,host_associated,p__Campylobacterota
s__PeH17_sp900542285--GB_GCA_900542285.1,4674,2742,2478,0.5301668806161746,0.5866495507060334,host_associated,p__Bacillota_A
s__UBA738_sp004557735--GB_GCA_004557735.1,6118,3624,3470,0.5671788166067342,0.592350441320693,host_associated,p__Bacillota_A
s__Parabacteroides_faecis--RS_GCF_014647375.1,10342,7708,7087,0.6852639721523883,0.7453103848385225,host_associated,p__Bacteroidota
s__Prochlorococcus_A_sp001989455--RS_GCF_001989455.1,7683,4549,4142,0.5391123259143563,0.5920864245737342,free_living,p__Cyanobacteriota
s__SAR86A_sp902612915--GB_GCA_902612915.1,2058,1542,1521,0.739067055393586,0.749271137026239,free_living,p__Pseudomonadota
s__UBA1757_sp017380635--GB_GCA_017380635.1,6698,3527,3390,0.5061212302179755,0.5265750970438937,host_associated,p__Bacteroidota
s__Alistipes_senegalensis--GB_GCA_025145645.1,8416,6051,5343,0.6348621673003803,0.7189876425855514,host_associated,p__Bacteroidota
s__Mesomycoplasma_hyorhinis--RS_GCF_000383515.1,2856,1040,950,0.3326330532212885,0.3641456582633053,host_associated,p__Bacillota
s__FeB-14_sp016719395--GB_GCA_016719395.1,9642,3850,3735,0.38736776602364653,0.3992947521261149,free_living,p__Chloroflexota
s__Rathayibacter_toxicus--RS_GCF_000425325.1,2935,1968,1782,0.6071550255536627,0.6705281090289609,host_associated,p__Actinomycetota
s__Eubacterium_callanderi--RS_GCF_900142645.1,9587,6584,5928,0.6183373318034839,0.6867633253363931,host_associated,p__Bacillota_A
s__Aeromonas_veronii--RS_GCF_000820225.1,40474,21743,18859,0.4659534515985571,0.5372090724909818,host_associated,p__Pseudomonadota
s__Choladocola_sp003480725--GB_GCA_003480725.1,9705,6938,6118,0.6303967027305513,0.7148892323544564,host_associated,p__Bacillota_A
s__Limimorpha_sp900318085--GB_GCA_900318085.1,7284,3974,3615,0.49629324546952225,0.5455793520043932,host_associated,p__Bacteroidota
s__Polynucleobacter_sp903843315--GB_GCA_903843315.1,7497,4142,3971,0.5296785380818995,0.5524876617313592,free_living,p__Pseudomonadota
s__Dorea_A_longicatena--GB_GCA_025150085.1,16139,11017,9669,0.5991077514096288,0.6826321333415949,host_associated,p__Bacillota_A
s__Gilliamella_apicola_N--RS_GCF_001693435.1,5113,3480,3176,0.6211617445726579,0.6806180324662625,host_associated,p__Pseudomonadota
s__Anaerovibrio_slackiae--RS_GCF_009695585.1,7611,4335,4138,0.5436867691499147,0.5695703586913677,host_associated,p__Bacillota_C
s__Pasteurella_multocida--RS_GCF_900187275.1,14993,7723,6913,0.4610818381911559,0.5151070499566465,host_associated,p__Pseudomonadota
s__Bacillus_sonorensis--RS_GCF_001592005.1,7032,5337,4844,0.6888509670079636,0.7589590443686007,host_associated,p__Bacillota
s__Nitrosopumilus_sp013390905--GB_GCA_013390905.1,3245,1934,1533,0.4724191063174114,0.5959938366718027,free_living,p__Thermoproteota
s__Bacteroides_pyogenes--RS_GCF_000428105.1,7465,5325,4539,0.6080375083724046,0.7133288680509042,host_associated,p__Bacteroidota
s__Aerococcus_urinae_C--RS_GCF_003286645.1,2821,2255,2148,0.761432116270826,0.7993619283941864,host_associated,p__Bacillota
s__Pseudomonas_E_edaphica--RS_GCF_005863185.1,12245,8997,8179,0.6679461004491629,0.7347488770926909,host_associated,p__Pseudomonadota
s__Rhizobium_sp900469475--GB_GCA_900469475.1,9880,8168,7381,0.7470647773279352,0.8267206477732794,host_associated,p__Pseudomonadota
s__Ruegeria_sp013112245--RS_GCF_013112245.1,6457,5377,4986,0.7721852253368438,0.8327396623819111,host_associated,p__Pseudomonadota
s__Faecousia_sp000434635--GB_GCA_000434635.1,10881,7119,6438,0.5916735594154949,0.6542597187758478,host_associated,p__Bacillota_A
s__Butyricimonas_virosa--GB_GCA_025148635.1,14250,9500,8326,0.584280701754386,0.6666666666666666,host_associated,p__Bacteroidota
s__Enterococcus_D_innesii--GB_GCA_018982785.1,17788,10814,9396,0.5282212727681583,0.60793793568698,host_associated,p__Bacillota
s__Sediminibacterium_sp903865435--GB_GCA_903865435.1,5511,3172,3027,0.5492651061513337,0.5755761204863001,free_living,p__Bacteroidota
s__Halopseudomonas_pachastrellae--RS_GCF_900114765.1,9244,6479,6084,0.658156642146257,0.7008870618779749,free_living,p__Pseudomonadota
s__Metallosphaera_sedula--GB_GCA_000016605.1,3384,2665,2147,0.6344562647754137,0.7875295508274232,free_living,p__Thermoproteota
s__Helicobacter_pylori_CI--RS_GCF_000448485.1,20753,6722,5957,0.2870428371801667,0.32390497759360093,host_associated,p__Campylobacterota
s__UBA2226_sp001777915--GB_GCA_001777915.1,4053,2511,2388,0.5891931902294597,0.619541080680977,free_living,p__Edwardsbacteria
s__Acinetobacter_sp002018365--RS_GCF_002018365.1,19278,12418,9445,0.48993671542691153,0.6441539578794481,host_associated,p__Pseudomonadota
s__Pseudosulfitobacter_pseudonitzschiae--RS_GCF_900129395.1,6721,5723,5184,0.7713137925903883,0.8515101919357239,host_associated,p__Pseudomonadota
s__Flavonifractor_plautii--RS_GCF_000239295.1,28906,16834,14052,0.4861274475887359,0.5823704421227427,host_associated,p__Bacillota_A
s__CAIQEU01_sp903870905--GB_GCA_903870905.1,5270,2890,2799,0.5311195445920304,0.5483870967741935,free_living,p__Actinomycetota
s__CAINCQ01_sp903847095--GB_GCA_903847095.1,2440,927,889,0.364344262295082,0.37991803278688524,free_living,p__Patescibacteria
s__Lawsonibacter_pullicola--RS_GCF_002160305.1,7446,4927,4489,0.6028740263228579,0.6616975557346226,host_associated,p__Bacillota_A
s__Parabacteroides_merdae--GB_GCA_025151215.1,33849,19507,16464,0.4863954621997696,0.5762947206712162,host_associated,p__Bacteroidota
s__Ruminococcus_D_bicirculans--RS_GCF_000723465.1,15104,8001,6798,0.4500794491525424,0.5297272245762712,host_associated,p__Bacillota_A
s__Evtepia_gabavorous--RS_GCF_003425665.1,4261,3011,2777,0.651724947195494,0.7066416334193851,host_associated,p__Bacillota_A
s__Xanthomonas_A_sontii--RS_GCF_008119715.1,15756,8872,8139,0.5165651180502666,0.563087077938563,host_associated,p__Pseudomonadota
s__Stenotrophomonas_maltophilia--RS_GCF_900186865.1,45982,17361,15016,0.32656256796137617,0.3775607846548649,host_associated,p__Pseudomonadota
s__Agrobacterium_cavarae--RS_GCF_004310285.1,10766,8021,7125,0.6618056845625117,0.7450306520527586,host_associated,p__Pseudomonadota
s__Mycobacterium_smegmatis--RS_GCF_001457595.1,11467,9014,8090,0.7055027470131682,0.7860817999476759,host_associated,p__Actinomycetota
s__Rickettsia_prowazekii--RS_GCF_000367405.1,1088,888,873,0.8023897058823529,0.8161764705882353,host_associated,p__Pseudomonadota
s__Pasteurella_canis--RS_GCF_900454865.1,3574,2748,2509,0.7020145495243425,0.7688864017907107,host_associated,p__Pseudomonadota
s__Pectobacterium_aquaticum--RS_GCF_003382565.3,8289,6464,5622,0.678248280854144,0.7798286886234769,free_living,p__Pseudomonadota
s__Acetatifactor_sp900066565--GB_GCA_003584705.1,21094,13012,11261,0.533848487721627,0.6168578742770456,host_associated,p__Bacillota_A
s__Anaerostipes_hominis--RS_GCF_002270485.1,4807,3959,3648,0.758893280632411,0.8235905970459746,host_associated,p__Bacillota_A
s__Acinetobacter_variabilis--RS_GCF_000369625.1,15051,10257,8312,0.5522556640754767,0.6814829579429938,host_associated,p__Pseudomonadota
s__Ruminococcus_E_sp900317315--GB_GCA_900317315.1,21897,8092,7761,0.35443211398821756,0.369548339955245,host_associated,p__Bacillota_A
s__Nitrotoga_sp002470125--GB_GCA_002470125.1,3809,2340,2275,0.5972696245733788,0.6143344709897611,free_living,p__Pseudomonadota
s__Streptococcus_salivarius--RS_GCF_000785515.1,18759,9006,8132,0.43349858734474117,0.48008955701263395,host_associated,p__Bacillota
s__Alistipes_A_pullistercoris--RS_GCF_009557455.1,7686,4670,4304,0.5599791829300026,0.6075982305490503,host_associated,p__Bacteroidota
s__F23-B02_sp001916715--GB_GCA_001916715.1,4800,3208,2942,0.6129166666666667,0.6683333333333333,host_associated,p__Bacillota_A
s__Elizabethkingia_anophelis--RS_GCF_002023665.2,16085,10751,8292,0.5155113459745104,0.6683866956792043,host_associated,p__Bacteroidota
s__Methyloceanibacter_sp002383105--GB_GCA_002383105.1,9019,4045,3897,0.4320878146135935,0.44849761614369665,free_living,p__Pseudomonadota
s__JAJQCF01_sp021202845--GB_GCA_021202845.1,4885,2891,2766,0.5662231320368475,0.591811668372569,host_associated,p__Bacillota_A
s__Aliivibrio_fischeri--RS_GCF_023983475.1,14823,9810,8116,0.5475274910611887,0.6618093503339405,host_associated,p__Pseudomonadota
s__Bradyrhizobium_yuanmingense--RS_GCF_900094575.1,25205,15401,13147,0.5216028565760762,0.6110295576274549,host_associated,p__Pseudomonadota
s__Acinetobacter_lactucae--RS_GCF_001605885.1,9049,6847,5527,0.6107857221792463,0.7566581942756105,host_associated,p__Pseudomonadota
s__Campylobacter_lawsonii--RS_GCF_013372165.1,3638,2431,2172,0.5970313358988455,0.6682242990654206,host_associated,p__Campylobacterota
s__Lacticaseibacillus_rhamnosus--RS_GCF_900636965.1,19216,9488,8505,0.4425999167360533,0.49375520399666945,host_associated,p__Bacillota
s__TMED112_sp902529055--GB_GCA_023703555.1,1574,1166,1153,0.7325285895806861,0.7407878017789072,free_living,p__Pseudomonadota
s__CAIUPE01_sp903877935--GB_GCA_903877935.1,8152,4932,4800,0.5888125613346418,0.6050049067713444,free_living,p__Pseudomonadota
s__PALSA-747_sp903898555--GB_GCA_903898555.1,6251,3485,3421,0.5472724364101744,0.5575107982722765,free_living,p__Actinomycetota
s__Enterococcus_D_gallinarum--RS_GCF_001544275.1,18444,11230,9583,0.5195727607894166,0.6088700932552592,host_associated,p__Bacillota
s__Streptococcus_suis_W--RS_GCF_902702775.1,17106,8789,7261,0.4244709458669473,0.5137963287735298,host_associated,p__Bacillota
s__Dolichospermum_heterosporum--RS_GCF_001277295.1,14587,8792,7414,0.508260780146706,0.6027284568451361,free_living,p__Cyanobacteriota
s__Pusillimonas_A_sp002384935--GB_GCA_002384935.1,7565,4942,4651,0.6148050231328487,0.6532716457369465,free_living,p__Pseudomonadota
s__Thermus_scotoductus--RS_GCF_000381045.1,12918,6799,5980,0.46291995664963614,0.5263198637559994,free_living,p__Deinococcota
s__Brochothrix_thermosphacta--RS_GCF_000620985.1,5662,3444,3208,0.5665842458495232,0.6082656305192512,host_associated,p__Bacillota
s__UBA868_sp018672825--GB_GCA_018672825.1,7185,4356,4251,0.5916492693110648,0.6062630480167015,free_living,p__Pseudomonadota
s__Xanthomonas_vasicola--RS_GCF_000772705.2,14311,6843,6216,0.4343511983788694,0.4781636503389001,host_associated,p__Pseudomonadota
s__Anaerobutyricum_soehngenii--RS_GCF_900209925.1,19864,12865,11275,0.5676097462746678,0.6476540475231575,host_associated,p__Bacillota_A
s__Caecibacter_massiliensis--GB_GCA_900095875.1,6947,4691,4318,0.6215632647185836,0.6752555059738017,host_associated,p__Bacillota_C
s__CAIRDP01_sp903877385--GB_GCA_903877385.1,4525,3171,2927,0.6468508287292818,0.7007734806629834,free_living,p__Bacteroidota
s__Collinsella_sp002391315--RS_GCF_009696325.1,9315,4779,4481,0.48105206655931293,0.5130434782608696,host_associated,p__Actinomycetota
s__UBA2588_sp002723125--GB_GCA_002723125.1,4454,2596,2561,0.5749887741356084,0.5828468792096991,free_living,p__Chloroflexota
s__Sphingobacterium_sp002476975--RS_GCF_024296865.1,6482,4805,4230,0.6525763653193459,0.7412835544585005,host_associated,p__Bacteroidota
s__Burkholderia_cenocepacia--RS_GCF_900446215.1,43414,23946,21133,0.4867784585617543,0.5515732252268853,host_associated,p__Pseudomonadota
s__Helicobacter_E_suis--RS_GCF_000187625.1,3131,1572,1498,0.47844139252634943,0.5020760140530182,host_associated,p__Campylobacterota
s__Staphylococcus_delphini--RS_GCF_900636325.1,6158,4213,3677,0.5971094511204936,0.6841506982786619,host_associated,p__Bacillota
s__Arcanobacterium_phocae_A--RS_GCF_018913465.1,3046,1981,1793,0.5886408404464872,0.6503611293499671,host_associated,p__Actinomycetota
s__MAG-120802_sp010023045--GB_GCA_010023045.1,4524,2466,2418,0.5344827586206896,0.5450928381962865,free_living,p__Actinomycetota
s__Pectobacterium_aroidearum--RS_GCF_015689195.1,8221,6912,5985,0.7280136236467583,0.8407736285123464,host_associated,p__Pseudomonadota
s__Prevotella_sp900767615--RS_GCF_019249655.1,9081,5373,4792,0.5276951877546525,0.5916749256689792,host_associated,p__Bacteroidota
s__Blautia_A_wexlerae--GB_GCA_025148125.1,52361,30428,26797,0.5117740302897195,0.5811195355321709,host_associated,p__Bacillota_A
s__Limosilactobacillus_caviae--RS_GCF_014635905.1,4600,3335,2953,0.6419565217391304,0.725,host_associated,p__Bacillota
s__CAIRDP01_sp903887775--GB_GCA_903887775.1,7270,4290,3992,0.5491059147180193,0.5900962861072903,free_living,p__Bacteroidota
s__Limnohabitans_sp903838355--GB_GCA_903838355.1,10304,5655,5506,0.5343555900621118,0.5488159937888198,free_living,p__Pseudomonadota
s__Chlorobium_sp903869365--GB_GCA_903869365.1,8754,4813,4457,0.5091386794608179,0.5498058030614577,free_living,p__Bacteroidota
s__Pseudomonas_E_fluorescens--RS_GCF_900215245.1,9883,7916,7056,0.7139532530608115,0.8009713649701508,free_living,p__Pseudomonadota
s__Coprococcus_eutactus_A--RS_GCF_001404675.1,10950,6774,5904,0.5391780821917809,0.6186301369863013,host_associated,p__Bacillota_A
s__Salmonella_diarizonae--RS_GCF_008692785.1,20224,12948,11175,0.5525613132911392,0.6402294303797469,host_associated,p__Pseudomonadota
s__Stenotrophomonas_acidaminiphila_A--RS_GCF_002951995.1,7221,5156,4624,0.6403545215344135,0.7140285279047224,free_living,p__Pseudomonadota
s__Lysinibacillus_fusiformis_D--RS_GCF_002845985.1,12382,5912,5308,0.42868680342432564,0.47746729122920367,free_living,p__Bacillota
s__Mammaliicoccus_fleurettii--RS_GCF_003970575.1,5343,4104,3686,0.6898746022833614,0.768107804604155,free_living,p__Bacillota
s__Pseudomonas_E_lundensis--RS_GCF_001042985.1,16360,10882,9264,0.5662591687041565,0.6651589242053789,host_associated,p__Pseudomonadota
s__Apilactobacillus_micheneri--RS_GCF_002993975.1,2888,1880,1707,0.5910664819944599,0.6509695290858726,host_associated,p__Bacillota
s__Staphylococcus_devriesei--RS_GCF_002902625.1,3815,2852,2563,0.671821756225426,0.7475753604193971,host_associated,p__Bacillota
s__Agrobacterium_oryzihabitans--RS_GCF_010669145.1,13457,9451,8550,0.6353570632384633,0.7023110648733002,free_living,p__Pseudomonadota
s__Anaerotignum_sp001304995--GB_GCA_001304995.1,5724,3572,3268,0.5709294199860238,0.6240391334730957,host_associated,p__Bacillota_A
s__Faecalicoccus_pleomorphus--RS_GCF_000420345.1,4416,3237,2965,0.6714221014492754,0.733016304347826,host_associated,p__Bacillota
s__UBA7388_sp002470695--GB_GCA_002470695.1,5862,3443,3355,0.572330262708973,0.5873422040259297,free_living,p__Actinomycetota
s__Pseudolysinimonas_sp002325245--GB_GCA_002325245.1,4434,3090,2902,0.6544880469102391,0.6968876860622463,free_living,p__Actinomycetota
s__Pseudothioglobus_aerophilus--GB_GCA_014384565.1,4127,2800,2766,0.6702204991519264,0.6784589290041192,free_living,p__Pseudomonadota
s__Clostridium_saccharobutylicum--RS_GCF_000473995.1,7325,5558,4904,0.6694880546075085,0.7587713310580205,host_associated,p__Bacillota_A
s__Haemophilus_influenzae_D--RS_GCF_900475755.1,6634,4145,3792,0.5716008441362677,0.6248115767259572,host_associated,p__Pseudomonadota
s__Yersinia_massiliensis--RS_GCF_000312485.1,10730,8158,6909,0.6438956197576887,0.7602982292637465,host_associated,p__Pseudomonadota
s__Pseudomonas_E_frederiksbergensis_J--RS_GCF_001952935.1,7590,6339,5788,0.7625823451910408,0.8351778656126482,free_living,p__Pseudomonadota
s__Bog-209_sp003162935--GB_GCA_003162935.1,11901,5286,5004,0.4204688681623393,0.4441643559364759,free_living,p__Acidobacteriota
s__UBA7542_sp003134375--GB_GCA_003134375.1,7693,3548,3359,0.4366307032367087,0.4611984921357078,free_living,p__Verrucomicrobiota
s__Salmonella_enterica--RS_GCF_000006945.2,266371,77310,67657,0.2539953673635644,0.290234297277106,host_associated,p__Pseudomonadota
s__Citrobacter_freundii--RS_GCF_011064845.1,75018,38220,31509,0.42001919539310567,0.509477725345917,host_associated,p__Pseudomonadota
s__Staphylococcus_pettenkoferi--RS_GCF_002902685.1,5460,3680,3274,0.5996336996336996,0.673992673992674,host_associated,p__Bacillota
s__Kingella_kingae--RS_GCF_900111845.1,5750,2924,2746,0.47756521739130436,0.5085217391304347,host_associated,p__Pseudomonadota
s__Stutzerimonas_stutzeri_AB--RS_GCF_002890895.1,15860,9806,8975,0.5658890290037831,0.6182849936948298,free_living,p__Pseudomonadota
s__Mycoplasmopsis_agalactiae--RS_GCF_000063605.1,2118,1050,795,0.37535410764872523,0.49575070821529743,host_associated,p__Bacillota
s__Ralstonia_pickettii--RS_GCF_016466415.2,12017,8640,7555,0.6286926853624033,0.7189814429558126,free_living,p__Pseudomonadota
s__Tannerella_serpentiformis--RS_GCF_003033925.1,13897,4436,4119,0.29639490537526086,0.31920558393897963,host_associated,p__Bacteroidota
s__Bifidobacterium_globosum--RS_GCF_000741295.1,12308,6296,5272,0.42833929151771205,0.5115372115697108,host_associated,p__Actinomycetota
s__Ruminococcus_E_sp003438075--RS_GCF_003438075.1,6187,3776,3352,0.5417811540326491,0.6103119443995474,host_associated,p__Bacillota_A
s__Parafannyhessea_umbonata--RS_GCF_900105025.1,12204,6071,5666,0.4642740085217961,0.4974598492297607,host_associated,p__Actinomycetota
s__Bulleidia_timonensis--RS_GCF_900240265.1,6792,3858,3649,0.5372497055359247,0.5680212014134276,host_associated,p__Bacillota
s__Aeromonas_dhakensis--RS_GCF_000820305.1,15168,9778,8668,0.5714662447257384,0.6446466244725738,host_associated,p__Pseudomonadota
s__Butyribacter_sp003524945--RS_GCF_003478445.1,6161,3829,3536,0.5739328031163772,0.6214900178542444,host_associated,p__Bacillota_A
s__Streptococcus_constellatus--RS_GCF_023167545.1,6254,4689,3998,0.6392708666453469,0.7497601535017588,host_associated,p__Bacillota
s__Staphylococcus_xylosus--RS_GCF_002732165.1,10238,6213,5410,0.5284235202187927,0.6068568079703067,host_associated,p__Bacillota
s__Bog-38_sp003139855--GB_GCA_003139855.1,7234,2448,2364,0.3267901575891623,0.3384019905999447,free_living,p__Halobacteriota
s__LS-NOB_sp018653085--GB_GCA_018653085.1,6517,3559,3441,0.528003682676078,0.5461101733926653,free_living,p__Nitrospinota
s__UBA3362_sp016714365--GB_GCA_016714365.1,15114,4962,4588,0.3035596136032817,0.32830488289003573,free_living,p__Bacteroidota
s__Parasynechococcus_sp002724845--RS_GCF_014279895.1,6085,4050,3192,0.5245686113393591,0.6655710764174199,free_living,p__Cyanobacteriota
s__Latilactobacillus_sakei--RS_GCF_002370355.1,6913,4569,4065,0.5880225661796615,0.6609286850860697,host_associated,p__Bacillota
s__Geobacillus_thermodenitrificans--RS_GCF_000496575.1,5935,4789,4272,0.7197978096040438,0.8069081718618366,free_living,p__Bacillota
s__Mycobacterium_kansasii--RS_GCF_000157895.3,11814,7452,6530,0.5527340443541561,0.6307770441848655,host_associated,p__Actinomycetota
s__Borrelia_hermsii--RS_GCF_023035675.1,2400,898,839,0.34958333333333336,0.37416666666666665,host_associated,p__Spirochaetota
s__Campylobacter_A_concisus_B--RS_GCF_000466745.1,3448,2524,2156,0.6252900232018561,0.7320185614849188,host_associated,p__Campylobacterota
s__Rothia_nasimurium_D--RS_GCF_928391935.1,3259,2262,2150,0.6597115679656337,0.6940779380177968,host_associated,p__Actinomycetota
s__Listeria_A_booriae--RS_GCF_000766865.1,15416,8740,7347,0.47658277114686043,0.5669434353918007,free_living,p__Bacillota
s__AG-339-G14_sp902613455--GB_GCA_023703675.1,2299,1661,1621,0.7050891692040018,0.722488038277512,free_living,p__Pseudomonadota
s__Actinomarina_sp003213625--GB_GCA_003213625.1,3909,2164,2083,0.5328728575083141,0.5535942696341776,free_living,p__Actinomycetota
s__CAG-791_sp900320025--GB_GCA_900320025.1,9019,5075,4835,0.5360904756624904,0.5627009646302251,host_associated,p__Bacillota_A
s__CAG-103_sp900317855--GB_GCA_900317855.1,6077,3653,3411,0.561296692446931,0.6011189731775547,host_associated,p__Bacillota_A
s__Lelliottia_amnigena--GB_GCA_900635465.1,10289,7939,7042,0.6844202546408786,0.7716007386529303,free_living,p__Pseudomonadota
s__Huberarchaeum_crystalense--GB_GCA_002789275.1,1008,331,316,0.3134920634920635,0.32837301587301587,free_living,p__Huberarchaeota
s__Bacillus_J_thermoamylovorans--RS_GCF_000751775.1,10076,6596,5956,0.5911075823739579,0.6546248511314013,host_associated,p__Bacillota
s__Enterobacter_bugandensis--RS_GCF_900324475.1,23555,15378,12926,0.5487582254298451,0.65285502016557,host_associated,p__Pseudomonadota
s__Rhodococcus_rhodochrous--RS_GCF_900187265.1,12146,9393,8439,0.694796640869422,0.7733410176189692,free_living,p__Actinomycetota
s__Wohlfahrtiimonas_chitiniclastica--RS_GCF_000375345.1,3899,2899,2697,0.6917158245704027,0.7435239805078225,host_associated,p__Pseudomonadota
s__Burkholderia_diffusa_B--RS_GCF_001718315.1,9457,7985,7252,0.7668393782383419,0.8443481019350746,free_living,p__Pseudomonadota
s__Escherichia_ruysiae--GB_GCA_021307345.1,15235,9672,8501,0.5579914670167377,0.6348539547095504,host_associated,p__Pseudomonadota
s__Pantoea_dispersa--RS_GCF_014155765.1,18422,13157,11925,0.6473238519161871,0.7142004125502117,host_associated,p__Pseudomonadota
s__Fonsibacter_ubiquis--RS_GCF_002688585.1,6056,3106,3062,0.5056142668428005,0.5128797886393659,free_living,p__Pseudomonadota
s__Acinetobacter_nosocomialis--RS_GCF_000368085.1,36410,17964,14017,0.3849766547651744,0.49338093930238947,host_associated,p__Pseudomonadota
s__Enterocloster_citroniae--RS_GCF_000233455.1,13475,10252,9029,0.6700556586270872,0.7608163265306123,host_associated,p__Bacillota_A
s__Campylobacter_D_coli--RS_GCF_000254135.1,27979,8827,7980,0.2852139104328246,0.31548661496122093,host_associated,p__Campylobacterota
s__Mixta_calida--RS_GCF_002953215.1,9513,6933,6218,0.6536318721749186,0.728792179123305,host_associated,p__Pseudomonadota
s__Seramator_thermalis--RS_GCF_004138125.1,5681,3757,3554,0.625594085548319,0.6613272311212814,free_living,p__Bacteroidota
s__UBA10438_sp002426145--GB_GCA_016707005.1,8913,3040,2869,0.3218893750701223,0.34107483451138787,free_living,p__Bacteroidota
s__JABJGH01_sp018662365--GB_GCA_018662365.1,4231,2782,2677,0.6327109430394706,0.6575277712124793,free_living,p__Chloroflexota
s__CF-162_sp022561635--GB_GCA_022561635.1,4433,2529,2477,0.558763816828333,0.5704940221069253,free_living,p__Chloroflexota
s__Bacillus_A_toyonensis--RS_GCF_000496285.1,48378,21478,17850,0.3689693662408533,0.44396213154739755,host_associated,p__Bacillota
s__Helicobacter_pylori_CJ--RS_GCF_003637685.1,9098,3591,3139,0.34502088371070566,0.3947021323367773,host_associated,p__Campylobacterota
s__Bradyrhizobium_sp023073715--RS_GCF_023073715.1,15233,10642,9083,0.5962712532002888,0.6986148493402482,host_associated,p__Pseudomonadota
s__TMED112_sp003280455--GB_GCA_023703535.1,2215,1432,1387,0.6261851015801354,0.6465011286681716,free_living,p__Pseudomonadota
s__Sharpea_azabuensis--RS_GCF_000702165.1,9590,5599,5267,0.5492179353493222,0.5838373305526591,host_associated,p__Bacillota
s__Butyrivibrio_A_crossotus--GB_GCA_025148445.1,13511,8318,7111,0.5263118940122863,0.6156465102509067,host_associated,p__Bacillota_A
s__Alistipes_finegoldii--RS_GCF_000265365.1,10555,6962,5951,0.5638086215063951,0.6595926101373757,host_associated,p__Bacteroidota
s__Eggerthella_lenta--RS_GCF_000024265.1,14630,7166,6447,0.44066985645933016,0.48981544771018454,host_associated,p__Actinomycetota
s__Rhizobium_sp017741935--RS_GCF_017741935.1,11132,8908,7955,0.7146065397053539,0.8002155946819979,host_associated,p__Pseudomonadota
s__UBA12189_sp014189895--GB_GCA_014189895.1,2049,1336,1317,0.6427525622254758,0.6520253782332845,free_living,p__Acidobacteriota
s__Evtepia_sp004556345--GB_GCA_004556345.1,5895,3706,3410,0.5784563189143341,0.628668363019508,host_associated,p__Bacillota_A
s__Bacteroides_sp900552405--RS_GCF_020091405.1,14851,11033,9502,0.6398222341929837,0.7429129351558817,host_associated,p__Bacteroidota
s__Ligilactobacillus_ruminis--RS_GCF_900113455.1,9476,5259,4827,0.5093921485859012,0.5549810046433095,host_associated,p__Bacillota
s__LGRT01_sp001642945--GB_GCA_001642945.1,10078,5872,5691,0.5646953760666799,0.5826552887477674,free_living,p__Pseudomonadota
s__Brevundimonas_sp005484585--RS_GCF_005484585.1,8627,5617,5005,0.5801553263011475,0.6510953981685407,free_living,p__Pseudomonadota
s__Cronobacter_sakazakii--RS_GCF_000982825.1,42423,20437,17576,0.4143035617471654,0.4817433939136789,host_associated,p__Pseudomonadota
s__Kocuria_rhizophila_A--RS_GCF_000010285.1,5064,3581,3287,0.6490916271721959,0.7071484992101106,host_associated,p__Actinomycetota
s__Clostridium_G_cochlearium--RS_GCF_900187165.1,5727,4219,3769,0.6581107036843025,0.7366858739305047,host_associated,p__Bacillota_A
s__Burkholderia_arboris--RS_GCF_902499125.1,23750,14844,13761,0.5794105263157895,0.6250105263157895,free_living,p__Pseudomonadota
s__Finegoldia_magna_H--RS_GCF_000010185.1,4425,3295,3037,0.6863276836158192,0.7446327683615819,host_associated,p__Bacillota_A
s__Campylobacter_D_lari_C--RS_GCF_001017575.1,6062,3336,2995,0.49406136588584626,0.5503134279115803,free_living,p__Campylobacterota
s__Mesorhizobium_japonicum--RS_GCF_000009625.1,12260,9706,8909,0.7266721044045678,0.7916802610114192,host_associated,p__Pseudomonadota
s__Stutzerimonas_phenolilytica--RS_GCF_021432765.1,6868,5732,5196,0.7565521258008153,0.8345952242283052,free_living,p__Pseudomonadota
s__Alloprevotella_sp900540885--GB_GCA_900540885.1,7397,3655,3264,0.4412599702582128,0.4941192375287279,host_associated,p__Bacteroidota
s__Prochlorococcus_A_sp000635495--GB_GCA_000635495.1,21086,7804,7309,0.34662809447026466,0.3701033861329792,free_living,p__Cyanobacteriota
s__Chlorobium_sp903820085--GB_GCA_903820085.1,3348,2454,2272,0.6786140979689367,0.7329749103942652,free_living,p__Bacteroidota
s__Fusobacterium_A_varium--RS_GCF_900637705.1,7096,4749,4098,0.5775084554678692,0.669250281848929,host_associated,p__Fusobacteriota
s__Parabacteroides_goldsteinii--RS_GCF_000969835.1,23794,15957,13596,0.5714045557703623,0.6706312515760275,host_associated,p__Bacteroidota
s__CAG-485_sp002493045--GB_GCA_003762615.1,6535,4234,3764,0.5759755164498852,0.6478959449120122,host_associated,p__Bacteroidota
s__Halopseudomonas_aestusnigri--RS_GCF_002197985.1,14434,8837,8202,0.5682416516558126,0.6122350006928087,free_living,p__Pseudomonadota
s__TMED2_sp002168225--GB_GCA_002168225.1,7576,3960,3716,0.4904963041182682,0.5227032734952481,free_living,p__Pseudomonadota
s__Comamonas_aquatica--RS_GCF_000739875.1,8704,6287,5817,0.6683134191176471,0.7223115808823529,free_living,p__Pseudomonadota
s__Leptospira_kirschneri--RS_GCF_000243695.2,9408,3171,2941,0.3126062925170068,0.33705357142857145,host_associated,p__Spirochaetota
s__Methanothrix_A_sp001602645--GB_GCA_001602645.1,4915,2569,2435,0.49542217700915564,0.5226856561546287,free_living,p__Halobacteriota
s__Heyndrickxia_oleronia--RS_GCF_017809215.1,10661,7514,6600,0.6190788856580058,0.7048119313385236,host_associated,p__Bacillota
s__Vibrio_tasmaniensis_A--RS_GCF_000272405.2,10293,7608,6533,0.634703196347032,0.7391431069658991,free_living,p__Pseudomonadota
s__Ursidibacter_maritimus--RS_GCF_009761395.1,3181,2049,1985,0.6240176045268784,0.6441370638164099,host_associated,p__Pseudomonadota
s__Rothia_mucilaginosa--RS_GCF_000175615.1,10710,4336,3867,0.3610644257703081,0.40485527544351074,host_associated,p__Actinomycetota
s__Ga6A1_sp900102385--GB_GCA_900102385.1,17320,7911,7246,0.4183602771362587,0.4567551963048499,host_associated,p__Bacteroidota
s__Agrobacterium_rhizogenes_A--GB_GCA_002005205.3,9280,7735,6969,0.7509698275862069,0.8335129310344828,host_associated,p__Pseudomonadota
s__Chlorobium_sp903994455--GB_GCA_903994455.1,5804,3473,3151,0.5429014472777395,0.5983804272915231,free_living,p__Bacteroidota
s__Turicibacter_bilis--RS_GCF_024499055.1,8105,4656,4360,0.5379395434916718,0.5744602097470697,host_associated,p__Bacillota
s__Streptococcus_oralis_H--RS_GCF_001983955.1,3145,2691,2286,0.7268680445151033,0.855643879173291,host_associated,p__Bacillota
s__Leuconostoc_citreum--RS_GCF_004354555.1,6789,4622,3801,0.5598762704374723,0.6808071880983945,host_associated,p__Bacillota
s__Sphingomonas_aquatilis--RS_GCF_014196115.1,14951,9282,8082,0.5405658484382315,0.6208280382583105,host_associated,p__Pseudomonadota
s__Anoxybacillus_flavithermus_G--RS_GCF_002197485.1,6971,5075,4495,0.6448142303830153,0.7280160665614689,free_living,p__Bacillota
s__Lactobacillus_acetotolerans--RS_GCF_001436775.1,3129,2377,2230,0.7126877596676254,0.7596676254394376,host_associated,p__Bacillota
s__Qipengyuania_flava--RS_GCF_011762005.1,7210,5215,4735,0.6567267683772539,0.7233009708737864,free_living,p__Pseudomonadota
s__Aeromonas_allosaccharophila--RS_GCF_000819685.1,10142,7567,6947,0.6849733780319464,0.7461053046736343,host_associated,p__Pseudomonadota
s__Bin134_sp009842675--GB_GCA_009842675.1,6223,3990,3775,0.606620600996304,0.641169853768279,host_associated,p__Actinomycetota
s__UBA12225_sp002347925--GB_GCA_002347925.1,16304,5099,5011,0.30734789008832186,0.31274533856722275,free_living,p__Chloroflexota
s__SFMI01_sp004556155--GB_GCA_004556155.1,5714,3229,3107,0.5437521876093805,0.5651032551627582,host_associated,p__Bacillota_A
s__Lachnospira_sp000437735--RS_GCF_020564355.1,7084,4783,4257,0.6009316770186336,0.6751835121400339,host_associated,p__Bacillota_A
s__CAG-582_sp000435515--GB_GCA_000435515.1,3387,1426,1349,0.3982875701210511,0.4210215529967523,host_associated,p__Bacillota
s__Sphingomonas_sanguinis_B--RS_GCF_001476905.1,12115,7562,6759,0.5579034255055716,0.6241848947585638,host_associated,p__Pseudomonadota
s__Erwinia_aphidicola--RS_GCF_014773485.1,9659,7217,6635,0.6869241122269386,0.7471787969769127,host_associated,p__Pseudomonadota
s__Vibrio_cholerae--RS_GCF_000621645.1,88318,32411,27705,0.3136959623179873,0.3669806834393895,host_associated,p__Pseudomonadota
s__Terraquivivens_tengchongensis--GB_GCA_023268355.1,2471,1412,1362,0.5511938486442736,0.5714285714285714,free_living,p__Thermoproteota
s__Shewanella_baltica--RS_GCF_900456975.1,14471,9979,8377,0.5788819017345035,0.6895860686891023,host_associated,p__Pseudomonadota
s__Actinobacillus_suis--RS_GCF_000739435.1,3728,2940,2803,0.7518776824034334,0.7886266094420601,host_associated,p__Pseudomonadota
s__Enterococcus_B_mundtii--RS_GCF_002813755.1,6229,4577,3740,0.6004174024723069,0.7347888906726602,host_associated,p__Bacillota
s__Ureaplasma_urealyticum--RS_GCF_000169535.1,1288,688,635,0.49301242236024845,0.5341614906832298,host_associated,p__Bacillota
s__Blautia_A_sp900066335--RS_GCF_003461955.1,8183,5907,5368,0.6559941341806184,0.7218623976536722,host_associated,p__Bacillota_A
s__UBA4372_sp900313335--GB_GCA_900313335.1,4737,2761,2607,0.5503483217226093,0.5828583491661389,host_associated,p__Bacteroidota
s__Faecenecus_gallistercoris--GB_GCA_003149915.1,3116,1485,1362,0.43709884467265725,0.4765725288831836,host_associated,p__Bacillota
s__Staphylococcus_ureilyticus--RS_GCF_002902235.1,9284,5790,5096,0.5489013356311935,0.6236535975872469,host_associated,p__Bacillota
s__UBA10348_sp002469915--GB_GCA_002469915.1,6735,3764,3576,0.5309576837416481,0.5588715664439495,free_living,p__Bacteroidota
s__Phenylobacterium_sp020401865--GB_GCA_020401865.1,15249,7804,7420,0.48658928454324873,0.5117712636894223,free_living,p__Pseudomonadota
s__Vibrio_furnissii--RS_GCF_000176175.1,12258,7826,7030,0.5735030184369392,0.6384402023168543,host_associated,p__Pseudomonadota
s__Borreliella_garinii--RS_GCF_001922545.1,11110,1420,1373,0.12358235823582359,0.1278127812781278,host_associated,p__Spirochaetota
s__CAG-103_sp900757655--GB_GCA_900757655.1,5090,3177,3041,0.5974459724950885,0.6241650294695481,host_associated,p__Bacillota_A
s__Limisoma_sp000437795--GB_GCA_022009815.1,14963,7027,6260,0.41836530107598746,0.4696250751854575,host_associated,p__Bacteroidota
s__Prevotella_sp900314755--GB_GCA_900314755.1,8581,5018,4522,0.526978207668104,0.5847803286330264,host_associated,p__Bacteroidota
s__Parabacteroides_distasonis--RS_GCF_000012845.1,55008,30108,25500,0.46356893542757416,0.5473385689354275,host_associated,p__Bacteroidota
s__Bifidobacterium_sp002742445--RS_GCF_002742445.1,5354,3532,3186,0.595069107209563,0.6596936869630183,host_associated,p__Actinomycetota
s__CAG-1138_sp000434675--GB_GCA_000434675.1,3494,1909,1818,0.5203205495134516,0.5463651974813967,host_associated,p__Bacillota_A
s__Alteriqipengyuania_bathyomarina--RS_GCF_021021475.1,5801,4624,4112,0.708843302878814,0.7971039475952422,free_living,p__Pseudomonadota
s__Leuconostoc_lactis--RS_GCF_014651235.1,4427,3225,2836,0.6406144115653942,0.7284843008809577,host_associated,p__Bacillota
s__Bifidobacterium_piotii--RS_GCF_003397585.1,3510,2103,1893,0.5393162393162393,0.5991452991452991,host_associated,p__Actinomycetota
s__Glaesserella_parasuis--RS_GCF_002015085.1,10705,4747,4348,0.4061653432975245,0.44343764595983187,host_associated,p__Pseudomonadota
s__Liberibacter_asiaticus--RS_GCF_000590865.3,2275,1384,1335,0.5868131868131868,0.6083516483516483,host_associated,p__Pseudomonadota
s__Pseudomonas_E_cyclaminis--RS_GCF_015163715.1,11024,8438,7584,0.6879535558780842,0.7654208998548622,host_associated,p__Pseudomonadota
s__Vibrio_breoganii--RS_GCF_001677275.1,11763,7801,7017,0.5965314970670748,0.6631811612683839,free_living,p__Pseudomonadota
s__Kocuria_marina--GB_GCA_014652975.1,7264,4653,4256,0.5859030837004405,0.6405561674008811,host_associated,p__Actinomycetota
s__Fusicatenibacter_sp900543115--GB_GCA_016899975.1,7001,4947,4555,0.6506213398085988,0.7066133409512927,host_associated,p__Bacillota_A
s__Rhodoferax_C_sp903886275--GB_GCA_903886275.1,6987,5120,4876,0.6978674681551452,0.732789466151424,free_living,p__Pseudomonadota
s__CAIKVZ01_sp903838565--GB_GCA_903838565.1,10094,6499,6253,0.6194769169803844,0.6438478303942936,free_living,p__Pseudomonadota
s__Azospirillum_baldaniorum--RS_GCF_003119195.2,14142,8898,8335,0.5893791542921794,0.6291896478574459,host_associated,p__Pseudomonadota
s__Mycoplana_sp900469965--GB_GCA_900469965.1,7610,6102,5549,0.7291721419185283,0.8018396846254928,host_associated,p__Pseudomonadota
s__Alteromonas_aggregata--RS_GCF_900129565.1,12455,7658,7056,0.5665194700923324,0.6148534725010036,free_living,p__Pseudomonadota
s__UBA509_sp002498845--GB_GCA_002498845.1,6921,3027,2857,0.41280161826325673,0.43736454269614217,free_living,p__Thermoplasmatota
s__Gemmiger_sp900539695--GB_GCA_900539695.1,5548,3829,3577,0.6447368421052632,0.6901586157173756,host_associated,p__Bacillota_A
s__UBA8309_sp016780765--GB_GCA_016780765.1,7440,4111,3995,0.5369623655913979,0.5525537634408603,free_living,p__Pseudomonadota
s__CAG-433_sp000433675--GB_GCA_000433675.1,4047,1625,1513,0.37385717815665925,0.4015319990116135,host_associated,p__Bacillota
s__UBA9611_sp022563275--GB_GCA_022563275.1,7598,4039,3943,0.5189523558831272,0.5315872598052119,free_living,p__Chloroflexota
s__Erwinia_persicina--RS_GCF_001571305.1,7302,6122,5595,0.766228430566968,0.8384004382360997,host_associated,p__Pseudomonadota
s__Acinetobacter_bereziniae--RS_GCF_000368925.1,20297,12252,9275,0.4569640833620732,0.6036360053209834,host_associated,p__Pseudomonadota
s__Hominisplanchenecus_faecis--RS_GCF_020687205.1,11898,7697,6941,0.5833753572028912,0.6469154479744494,host_associated,p__Bacillota_A
s__Wolbachia_sp000306885--RS_GCF_000306885.1,2688,1065,1059,0.3939732142857143,0.39620535714285715,host_associated,p__Pseudomonadota
s__PFJX01_sp903835655--GB_GCA_903835655.1,10175,5619,5346,0.5254054054054054,0.5522358722358722,free_living,p__Pseudomonadota
s__F1-60-MAGs149_sp903960645--GB_GCA_903960645.1,7979,3696,3614,0.4529389647825542,0.46321594184734927,free_living,p__Actinomycetota
s__Fusobacterium_C_necrophorum--RS_GCF_004006635.1,9287,5376,4665,0.5023150640680522,0.578873694411543,host_associated,p__Fusobacteriota
s__Dorea_A_longicatena_B--RS_GCF_024168045.1,15179,10784,9546,0.6288951841359773,0.7104552342051519,host_associated,p__Bacillota_A
s__Lactobacillus_delbrueckii--RS_GCF_001433875.1,18174,7901,7326,0.4031033344338065,0.43474193903378455,host_associated,p__Bacillota
s__Cryptobacteroides_sp000432515--GB_GCA_000432515.1,11084,5949,5245,0.4732046192710213,0.5367195958137856,host_associated,p__Bacteroidota
s__UBA2868_sp004552595--GB_GCA_004552595.1,6225,3537,3248,0.5217670682730924,0.5681927710843373,host_associated,p__Bacillota_A
s__Achromobacter_xylosoxidans--RS_GCF_001457475.1,30998,17843,15862,0.5117104329311568,0.5756177817923737,host_associated,p__Pseudomonadota
s__Proteus_vulgaris--GB_GCA_901472505.1,7874,5724,4971,0.6313182626365252,0.7269494538989077,host_associated,p__Pseudomonadota
s__Leptolyngbya_boryana--RS_GCF_000353285.1,9193,7112,6144,0.6683346024148809,0.7736321113891004,free_living,p__Cyanobacteriota
s__Bradyrhizobium_sp011516635--RS_GCF_011516635.5,32703,20473,17096,0.5227654955202886,0.6260281931321285,host_associated,p__Pseudomonadota
s__Citrobacter_A_sedlakii--RS_GCF_000759835.1,7895,6800,6074,0.7693476884103864,0.8613046231792274,host_associated,p__Pseudomonadota
s__Exiguobacterium_aurantiacum_A--RS_GCF_001766415.1,6551,4627,4079,0.6226530300717448,0.7063043810105327,free_living,p__Bacillota
s__Fusicatenibacter_saccharivorans--RS_GCF_015557635.1,29018,16892,14888,0.5130608587773107,0.5821214418636709,host_associated,p__Bacillota_A
s__Limosilactobacillus_coleohominis--RS_GCF_016901675.1,4775,3230,2913,0.6100523560209424,0.6764397905759162,host_associated,p__Bacillota
s__Eubacterium_Q_sp900316715--GB_GCA_900316715.1,7954,4678,4327,0.5440030173497611,0.5881317576062358,host_associated,p__Bacillota_A
s__Granulicatella_adiacens--GB_GCA_025150565.1,4370,3028,2667,0.6102974828375286,0.6929061784897025,host_associated,p__Bacillota
s__Methanomethylophilus_alvus--RS_GCF_000300255.2,3252,1982,1797,0.5525830258302583,0.6094710947109471,host_associated,p__Thermoplasmatota
s__Prevotella_hominis--RS_GCF_004535825.1,22156,10996,9571,0.43198230727568154,0.4962989709333815,host_associated,p__Bacteroidota
s__Desulfovibrio_desulfuricans--RS_GCF_000420465.1,9905,5503,4862,0.49086320040383646,0.55557799091368,host_associated,p__Desulfobacterota
s__Neorhizobium_galegae_C--GB_GCA_000985875.1,8742,7355,6559,0.7502859757492565,0.8413406543125143,host_associated,p__Pseudomonadota
s__Staphylococcus_equorum--RS_GCF_900458565.1,11078,6803,5959,0.5379129806824337,0.6141000180538003,host_associated,p__Bacillota
s__Streptobacillus_moniliformis--RS_GCF_000024565.1,5483,2006,1891,0.3448841874886011,0.3658581068757979,host_associated,p__Fusobacteriota
s__Wolbachia_sp013096535--RS_GCF_013096535.2,4095,1735,1667,0.4070818070818071,0.4236874236874237,host_associated,p__Pseudomonadota
s__Porcincola_sp902800805--GB_GCA_902761585.1,11031,6290,5877,0.5327712809355453,0.5702112229172333,host_associated,p__Bacillota_A
s__Sphingobium_xenophagum--RS_GCF_000367345.1,17713,13347,11554,0.652289279060577,0.753514367978321,free_living,p__Pseudomonadota
s__Rhodoferax_sp903828665--GB_GCA_903828665.1,15724,9287,8950,0.569193589417451,0.5906257949631137,free_living,p__Pseudomonadota
s__Enterococcus_B_hirae--RS_GCF_000271405.2,18154,9308,7473,0.4116448165693511,0.5127244684367082,host_associated,p__Bacillota
s__Agathobacter_rectalis--GB_GCA_000020605.1,48518,24942,21521,0.44356733583412344,0.5140772496805309,host_associated,p__Bacillota_A
s__Listeria_monocytogenes_B--RS_GCF_000307025.1,28055,11916,10411,0.37109249688112633,0.4247371235073962,host_associated,p__Bacillota
s__Virgibacillus_halodenitrificans--RS_GCF_001310895.1,7537,5810,4996,0.6628632081730131,0.7708637388881517,free_living,p__Bacillota
s__Staphylococcus_argenteus--RS_GCF_000236925.1,8288,4623,4141,0.4996380308880309,0.5577944015444015,host_associated,p__Bacillota
s__Cytobacillus_firmus--RS_GCF_001591465.1,7703,6186,5431,0.7050499805270674,0.8030637413994548,host_associated,p__Bacillota
s__Xenorhabdus_bovienii--RS_GCF_024721015.1,13045,8167,7039,0.5395937140666922,0.6260636259103105,host_associated,p__Pseudomonadota
s__Alistipes_putredinis--RS_GCF_000154465.1,14912,8454,7114,0.4770654506437768,0.566925965665236,host_associated,p__Bacteroidota
s__Sodaliphilus_sp900318065--GB_GCA_900318065.1,8018,3649,3339,0.4164380144674482,0.45510102269892744,host_associated,p__Bacteroidota
s__Methylopumilus_sp903914945--GB_GCA_903914945.1,5004,2893,2824,0.5643485211830536,0.5781374900079936,free_living,p__Pseudomonadota
s__Bifidobacterium_animalis--RS_GCF_000260715.1,6892,3516,3084,0.4474753337202554,0.51015670342426,host_associated,p__Actinomycetota
s__Lactococcus_petauri--RS_GCF_002154895.1,12172,6623,5741,0.47165626026947094,0.5441176470588235,host_associated,p__Bacillota
s__Streptococcus_alactolyticus--RS_GCF_012277075.1,5120,3348,3014,0.588671875,0.65390625,host_associated,p__Bacillota
s__CAG-177_sp000431775--GB_GCA_000431775.1,7242,3754,3467,0.47873515603424466,0.5183650925158796,host_associated,p__Bacillota_A
s__UBA9926_sp003451575--GB_GCA_017854255.1,8370,4701,4579,0.5470728793309438,0.5616487455197132,free_living,p__Pseudomonadota
s__Leeuwenhoekiella_palythoae--RS_GCF_900130045.1,8045,5744,5083,0.6318210068365444,0.7139838408949658,free_living,p__Bacteroidota
s__Streptococcus_intermedius--RS_GCF_000413475.1,6446,4698,3959,0.6141793360223394,0.7288240769469438,host_associated,p__Bacillota
s__Microcystis_aeruginosa_C--RS_GCF_000981785.2,12146,7386,6241,0.5138317141445743,0.6081014325703935,free_living,p__Cyanobacteriota
s__Bacillus_A_thuringiensis_K--RS_GCF_001595725.1,14952,9476,8178,0.5469502407704655,0.6337613697164259,free_living,p__Bacillota
s__Bacillus_A_bombysepticus--RS_GCF_006384875.1,83552,32416,27068,0.32396591344312525,0.38797395633856757,host_associated,p__Bacillota
s__Rhodococcus_equi--RS_GCF_002094305.1,17828,10291,8821,0.49478348665021316,0.5772380525016827,host_associated,p__Actinomycetota
s__Serratia_nevei--RS_GCF_008364245.1,32355,18755,16330,0.5047133364240457,0.5796631123473961,host_associated,p__Pseudomonadota
s__UBA1417_sp003531055--GB_GCA_021029595.1,12809,7358,6760,0.5277539230228745,0.5744398469825903,host_associated,p__Bacillota_A
s__Phocaeicola_plebeius_A--RS_GCF_003437535.1,25126,17400,14670,0.5838573589110881,0.6925097508556873,host_associated,p__Bacteroidota
s__Avimicrobium_caecorum--RS_GCF_016901815.1,4247,2844,2614,0.6154932893807393,0.6696491641158465,host_associated,p__Bacillota_A
s__Merdimorpha_sp003150615--GB_GCA_003150615.1,3704,2271,2099,0.5666846652267818,0.6131209503239741,host_associated,p__Bacteroidota
s__Streptococcus_sanguinis_H--RS_GCF_013343115.1,5682,4271,3487,0.613692361844421,0.7516719464977121,host_associated,p__Bacillota
s__UBA955_sp002293105--GB_GCA_002293105.1,7032,3217,3105,0.4415529010238908,0.45748009101251425,free_living,p__Bacteroidota
s__Clostridium_Q_sp000435655--GB_GCA_018223375.1,7529,4996,4554,0.6048612033470581,0.6635675388497808,host_associated,p__Bacillota_A
s__Fannyhessea_vaginae--RS_GCF_000159235.2,2468,1699,1582,0.6410048622366289,0.6884116693679092,host_associated,p__Actinomycetota
s__Prevotella_sp002251365--RS_GCF_002251365.1,9408,5100,4621,0.4911777210884354,0.5420918367346939,host_associated,p__Bacteroidota
s__Rhizobium_phaseoli--RS_GCF_003985125.1,15738,11400,9672,0.6145634769348075,0.7243614182234083,host_associated,p__Pseudomonadota
s__Pseudomonas_E_laurylsulfatiphila--RS_GCF_002934665.1,13661,10078,9135,0.6686918966400702,0.7377205182636704,free_living,p__Pseudomonadota
s__Pseudomonas_E_gingeri_D--RS_GCF_013385425.1,9919,8008,7320,0.7379776187115636,0.8073394495412844,free_living,p__Pseudomonadota
s__Rhizobium_sp900466475--GB_GCA_900466475.1,12089,9521,8436,0.6978244685251055,0.7875754818429977,host_associated,p__Pseudomonadota
s__Snodgrassella_alvi--RS_GCF_000600005.1,6958,3570,3113,0.44739867778097153,0.5130784708249497,host_associated,p__Pseudomonadota
s__Prevotella_stercorea--RS_GCF_000235885.1,13526,7624,6434,0.4756764749371581,0.5636551826112672,host_associated,p__Bacteroidota
s__UBA4372_sp900543815--GB_GCA_900543815.1,4811,2788,2630,0.5466638952400749,0.5795053003533569,host_associated,p__Bacteroidota
s__Prevotella_pallens--RS_GCF_000220255.1,10593,5523,4582,0.43254979703577834,0.5213820447465307,host_associated,p__Bacteroidota
s__MED-G82_sp902600705--GB_GCA_023703655.1,2125,1597,1567,0.7374117647058823,0.7515294117647059,free_living,p__Pseudomonadota
s__Opi-474_sp903830425--GB_GCA_903830425.1,9961,4563,4362,0.4379078405782552,0.4580865374962353,free_living,p__Verrucomicrobiota
s__UBA2125_sp002311275--GB_GCA_012964825.1,6315,3345,3232,0.511797307996833,0.5296912114014252,free_living,p__Marinisomatota
s__Cryptobacteroides_sp004552115--GB_GCA_004552115.1,5934,3346,3187,0.5370744860128075,0.5638692281766093,host_associated,p__Bacteroidota
s__Stutzerimonas_frequens--RS_GCF_024448335.1,11737,8555,7750,0.6603050183181393,0.7288915395757007,free_living,p__Pseudomonadota
s__Acetobacter_orientalis--RS_GCF_000963965.1,5404,3570,3361,0.6219467061435974,0.6606217616580311,host_associated,p__Pseudomonadota
s__JAENXO01_sp023554245--GB_GCA_023554245.1,6379,3315,3174,0.49757015206145166,0.5196739300830852,free_living,p__Gemmatimonadota
s__Pseudomonas_E_putida_P--RS_GCF_013393325.1,10651,8347,7368,0.6917660313585579,0.7836822833536757,host_associated,p__Pseudomonadota
s__Streptococcus_suis--RS_GCF_000294495.1,43747,16342,13943,0.31871899787413993,0.3735570439115825,host_associated,p__Bacillota
s__Burkholderia_territorii--RS_GCF_902833055.1,17478,11678,10356,0.5925163062135256,0.6681542510584735,free_living,p__Pseudomonadota
s__Streptomyces_caniscabiei--RS_GCF_014930365.1,21411,14746,12185,0.5690999953295035,0.6887114100228854,host_associated,p__Actinomycetota
s__Brucella_melitensis--RS_GCF_000007125.1,21880,9525,8880,0.40585009140767825,0.4353290676416819,host_associated,p__Pseudomonadota
s__Roseibium_aggregatum_A--RS_GCF_001999245.1,12268,9149,8303,0.676801434626671,0.7457613302901859,free_living,p__Pseudomonadota
s__Mediterraneibacter_torques--RS_GCF_000153925.1,13445,8498,7412,0.551283004834511,0.6320565265898104,host_associated,p__Bacillota_A
s__RUG721_sp900321745--GB_GCA_902795065.1,5965,3553,3327,0.5577535624476111,0.5956412405699916,host_associated,p__Actinomycetota
s__Chlorobium_sp903843305--GB_GCA_903843305.1,6347,3833,3515,0.5538049472191586,0.6039073578068379,free_living,p__Bacteroidota
s__Cryptobacteroides_sp000435075--GB_GCA_000435075.1,7639,4408,4002,0.5238905615918313,0.577038879434481,host_associated,p__Bacteroidota
s__Muribaculum_gordoncarteri--RS_GCF_004803695.1,5177,3659,3283,0.6341510527332432,0.7067799884102762,host_associated,p__Bacteroidota
s__Gemmiger_qucibialis--GB_GCA_004000625.1,19025,10543,9615,0.5053876478318002,0.5541655716162943,host_associated,p__Bacillota_A
s__Bifidobacterium_sp002451435--GB_GCA_002451435.1,8046,3434,3215,0.3995774297787721,0.4267959234402187,host_associated,p__Actinomycetota
s__UBA9973_sp001785445--GB_GCA_001785445.1,1389,692,677,0.48740100791936647,0.49820014398848095,free_living,p__Patescibacteria
s__Clostridium_baratii--RS_GCF_900461085.1,5696,4460,3852,0.6762640449438202,0.7830056179775281,host_associated,p__Bacillota_A
s__Vibrio_anguillarum--RS_GCF_001989995.2,51094,16088,13838,0.27083414882373663,0.31487063060241904,host_associated,p__Pseudomonadota
s__Pseudomonas_E_ekonensis--RS_GCF_019145435.1,6735,6043,5476,0.8130660727542688,0.8972531551596139,free_living,p__Pseudomonadota
s__Odoribacter_massiliensis--RS_GCF_900091655.1,6854,4602,4026,0.5873942223519113,0.671432740005836,host_associated,p__Bacteroidota
s__CAG-245_sp000435175--GB_GCA_000435175.1,7215,3381,3005,0.4164934164934165,0.46860706860706863,host_associated,p__Bacillota_A
s__Propionibacterium_freudenreichii--RS_GCF_000940845.1,6366,3942,3549,0.557492931196984,0.6192271442035815,host_associated,p__Actinomycetota
s__Mycobacterium_porcinum--GB_GCA_002086835.1,11582,9263,8069,0.6966845104472458,0.7997755137281989,host_associated,p__Actinomycetota
s__Methanosarcina_mazei--RS_GCF_000970205.1,12253,6420,5636,0.4599689871868114,0.5239533175548845,free_living,p__Halobacteriota
s__Streptococcus_parasanguinis_E--RS_GCF_943193075.1,5418,3954,3243,0.5985603543743079,0.7297895902547066,host_associated,p__Bacillota
s__Flavobacterium_columnare--RS_GCF_002530675.1,4703,3442,2929,0.622793961301297,0.7318732723793323,host_associated,p__Bacteroidota
s__Staphylococcus_shinii--RS_GCF_017583065.1,5225,3852,3504,0.670622009569378,0.7372248803827751,host_associated,p__Bacillota
s__Leptospira_A_levettii--RS_GCF_002812085.1,6290,3147,2999,0.4767885532591415,0.5003179650238474,free_living,p__Spirochaetota
s__Rhizobium_rhizogenes--RS_GCF_000696095.1,18899,14542,12856,0.6802476321498492,0.7694587015185989,host_associated,p__Pseudomonadota
s__Rhodococcus_opacus--RS_GCF_012396235.1,31789,20273,18373,0.5779672213658813,0.6377363238856208,free_living,p__Actinomycetota
s__Prevotella_copri_B--RS_GCF_009494135.1,20164,9964,8792,0.43602459829398926,0.494147986510613,host_associated,p__Bacteroidota
s__CAG-791_sp900320325--GB_GCA_900320325.1,16373,7141,6836,0.4175166432541379,0.4361448726562023,host_associated,p__Bacillota_A
s__Weimeria_sp900317825--GB_GCA_900317825.1,3969,2827,2696,0.6792642983119174,0.7122700932224741,host_associated,p__Bacillota_A
s__PALSA-747_sp903899375--GB_GCA_903899375.1,8286,4201,4136,0.49915520154477433,0.5069997586290128,free_living,p__Actinomycetota
s__Vescimonas_sp001916855--GB_GCA_018228685.1,7514,5213,4600,0.6121905775885015,0.6937716262975778,host_associated,p__Bacillota_A
s__Clostridium_tertium--RS_GCF_017873245.1,10394,7111,6142,0.5909178372137772,0.6841446988647296,host_associated,p__Bacillota_A
s__Mammaliicoccus_sciuri--RS_GCF_002901825.1,25464,12043,10513,0.4128573672635878,0.47294219289978007,host_associated,p__Bacillota
s__Vibrio_aestuarianus--RS_GCF_012395185.1,9944,6702,5808,0.584070796460177,0.6739742558326629,host_associated,p__Pseudomonadota
s__Planobacterium_lacus--RS_GCF_003336205.1,5929,3842,3360,0.5667060212514758,0.6480013493000506,host_associated,p__Bacteroidota
s__Agrobacterium_tumefaciens--RS_GCF_001541315.1,30194,19808,17283,0.5723984897661787,0.6560243757037822,host_associated,p__Pseudomonadota
s__Rosenbergiella_epipactidis--RS_GCF_018494055.1,8283,5603,4964,0.5992997706145117,0.6764457322226246,host_associated,p__Pseudomonadota
s__Chromobacterium_subtsugae--RS_GCF_001676875.1,6662,4974,4611,0.6921344941459021,0.7466226358450916,free_living,p__Pseudomonadota
s__UBA1994_sp002335865--GB_GCA_002335865.1,7810,3564,3272,0.41895006402048657,0.4563380281690141,free_living,p__Bacteroidota
s__Acinetobacter_pittii--RS_GCF_000369045.1,39470,20881,15682,0.3973144160121611,0.5290347099062579,host_associated,p__Pseudomonadota
s__Staphylococcus_auricularis--RS_GCF_001500315.1,3986,2708,2500,0.6271951831409934,0.6793778223783241,host_associated,p__Bacillota
s__Psychrobacter_sanguinis--RS_GCF_020736705.1,5424,3758,3454,0.6367994100294986,0.6928466076696165,host_associated,p__Pseudomonadota
s__Pantoea_piersonii--RS_GCF_003612015.1,7438,5936,5539,0.7446894326431837,0.7980639956977682,host_associated,p__Pseudomonadota
s__Thiodiazotropha_endolucinida--RS_GCF_001715975.1,14299,7135,6372,0.44562556822155397,0.49898594307294214,host_associated,p__Pseudomonadota
s__GWA1-44-25_sp001780725--GB_GCA_001780725.1,1568,733,711,0.4534438775510204,0.4674744897959184,free_living,p__Patescibacteria
s__Bacillus_A_thuringiensis--RS_GCF_002119445.1,58098,25523,21198,0.3648662604564701,0.4393094426658405,host_associated,p__Bacillota
s__Oligella_urethralis--RS_GCF_000372065.1,4518,3278,3054,0.6759628154050464,0.7255422753430721,host_associated,p__Pseudomonadota
s__Virgibacillus_pantothenticus--RS_GCF_018075365.1,6466,4957,4521,0.6991957933807609,0.7666254253015775,free_living,p__Bacillota
s__Ruminococcus_D_sp900319075--GB_GCA_900319075.1,6751,3860,3510,0.5199229743741668,0.5717671456080581,host_associated,p__Bacillota_A
s__Fimenecus_sp000432435--GB_GCA_000432435.1,13157,7159,6465,0.49137341339211066,0.5441210002280155,host_associated,p__Bacillota_A
s__Phocaeicola_massiliensis--RS_GCF_000382445.1,19169,13925,11339,0.5915279878971256,0.7264333037717148,host_associated,p__Bacteroidota
s__Enterocloster_clostridioformis--RS_GCF_020297485.1,18029,13016,11081,0.6146208885684176,0.7219479727106328,host_associated,p__Bacillota_A
s__Geobacillus_thermoleovorans--GB_GCA_001610955.1,12139,7942,7043,0.5801960622786061,0.654254880962188,free_living,p__Bacillota
s__Haliea_salexigens--RS_GCF_000423125.1,9367,6083,5749,0.6137504003416249,0.6494074943952173,free_living,p__Pseudomonadota
s__Desulfobacula_sp018645325--GB_GCA_018645325.1,8434,5614,5314,0.6300687692672516,0.6656390799146312,free_living,p__Desulfobacterota
s__Streptomyces_rubiginosohelvolus--RS_GCF_014649875.1,21183,14289,11372,0.5368455837227966,0.674550346976349,free_living,p__Actinomycetota
s__UBA953_sp903855995--GB_GCA_903855995.1,5550,2894,2775,0.5,0.5214414414414414,free_living,p__Verrucomicrobiota
s__Anaerotignum_lactatifermentans--RS_GCF_900142265.1,5584,4027,3678,0.6586676217765043,0.7211676217765043,host_associated,p__Bacillota_A
s__UBA9145_sp002477465--GB_GCA_002477465.1,9297,4811,4589,0.4936000860492632,0.5174787565881467,free_living,p__Pseudomonadota
s__Mycobacterium_fortuitum--RS_GCF_022179545.1,20148,12868,10631,0.5276454238634107,0.6386738137780424,host_associated,p__Actinomycetota
s__Rickettsia_rickettsii--RS_GCF_001951015.1,5903,1902,1821,0.3084872098932746,0.32220904624767066,host_associated,p__Pseudomonadota
s__Bartonella_krasnovii--RS_GCF_003606345.3,2850,2009,1736,0.6091228070175438,0.7049122807017544,host_associated,p__Pseudomonadota
s__Pacificispira_sp002709955--GB_GCA_002709955.1,7196,4563,4350,0.6045025013896609,0.6341022790439133,free_living,p__Pseudomonadota
s__Stenotrophomonas_sp003086695--RS_GCF_003086695.1,7205,5234,4691,0.6510756419153366,0.7264399722414989,free_living,p__Pseudomonadota
s__XYD12-FULL-36-8_sp001803045--GB_GCA_001803045.1,6714,4072,3811,0.5676198987190945,0.6064938933571641,free_living,p__Bacteroidota
s__Sediminibacterium_sp020403455--GB_GCA_020403455.1,9248,4941,4591,0.49643166089965396,0.5342776816608996,free_living,p__Bacteroidota
s__Streptococcus_ruminantium--RS_GCF_003609975.1,4855,3461,2958,0.6092687950566427,0.7128733264675592,host_associated,p__Bacillota
s__Mesorhizobium_sp003996995--RS_GCF_003996995.1,41432,19503,18190,0.4390326317821973,0.4707231125699942,host_associated,p__Pseudomonadota
s__Citrobacter_gillenii--RS_GCF_013337685.1,15627,11192,9751,0.623984130031356,0.7161963268701607,free_living,p__Pseudomonadota
s__Lachnospira_sp900316325--RS_GCF_014287955.1,9472,5475,4932,0.5206925675675675,0.5780194256756757,host_associated,p__Bacillota_A
s__PALSA-747_sp903838295--GB_GCA_903838295.1,3437,2243,2191,0.6374745417515275,0.6526040151294734,free_living,p__Actinomycetota
s__Acidovorax_A_oryzae--RS_GCF_000687165.1,12936,8386,7770,0.6006493506493507,0.6482683982683982,host_associated,p__Pseudomonadota
s__PeH17_sp004556165--GB_GCA_004556165.1,4776,2617,2403,0.503140703517588,0.5479480737018425,host_associated,p__Bacillota_A
s__Aliiroseovarius_crassostreae--RS_GCF_001307765.1,6462,4846,4252,0.6580006190034046,0.7499226245744351,free_living,p__Pseudomonadota
s__Clostridium_AD_tagluense--RS_GCF_003865095.1,10689,7407,6444,0.6028627561044064,0.6929553746842548,host_associated,p__Bacillota_A
s__Lachnospira_sp003451515--RS_GCF_003464165.1,7420,4920,4404,0.5935309973045823,0.6630727762803235,host_associated,p__Bacillota_A
s__Succiniclasticum_sp900316935--GB_GCA_900316935.1,3118,2262,2194,0.7036561898652983,0.7254650416933932,host_associated,p__Bacillota_C
s__RUG099_sp900315485--GB_GCA_900315485.1,6994,4064,3836,0.5484701172433515,0.5810694881326851,host_associated,p__Bacillota_A
s__GCA-2737125_sp903960135--GB_GCA_903960135.1,6988,3414,3296,0.4716657126502576,0.48855180309101315,free_living,p__Actinomycetota
s__Mediterraneibacter_caccogallinarum--GB_GCA_904419285.1,6499,4296,4020,0.6185567010309279,0.6610247730420065,host_associated,p__Bacillota_A
s__Butyribacter_intestini--GB_GCA_001414325.1,7880,4728,4179,0.5303299492385787,0.6,host_associated,p__Bacillota_A
s__F23-B02_sp000431075--GB_GCA_000431075.1,5018,3030,2803,0.5585890793144679,0.6038262255878836,host_associated,p__Bacillota_A
s__Microbacterium_ginsengisoli--RS_GCF_000956535.1,5714,3932,3618,0.6331816590829541,0.688134406720336,free_living,p__Actinomycetota
s__UBA5456_sp002410505--GB_GCA_002410505.1,6346,2664,2552,0.40214308225653955,0.4197919949574535,free_living,p__Cloacimonadota
s__Pseudoalteromonas_distincta--RS_GCF_000814675.1,15959,10880,9235,0.5786703427533053,0.6817469766276082,free_living,p__Pseudomonadota
s__Staphylococcus_caprae--RS_GCF_002902725.1,5452,4062,3546,0.6504035216434336,0.7450476889214968,host_associated,p__Bacillota
s__TA-21_sp014523495--GB_GCA_014523495.1,6666,2305,2094,0.31413141314131415,0.34578457845784577,free_living,p__Thermoproteota
s__Campylobacter_D_sp016598935--RS_GCF_022369435.1,3397,2269,2063,0.6073005593170444,0.667942302031204,host_associated,p__Campylobacterota
s__Sulfitobacter_geojensis--RS_GCF_000622325.1,5230,4725,4310,0.8240917782026769,0.9034416826003824,host_associated,p__Pseudomonadota
s__WTFX01_sp009843525--GB_GCA_009843525.1,6329,3658,3464,0.5473218517933323,0.5779744035392637,host_associated,p__Actinomycetota
s__Klebsiella_variicola--RS_GCF_000828055.2,75735,36825,30994,0.40924275434079355,0.4862348979996039,host_associated,p__Pseudomonadota
s__ER4_sp003522105--GB_GCA_003522105.1,6120,4162,3696,0.6039215686274509,0.6800653594771242,host_associated,p__Bacillota_A
s__CAG-791_sp900318875--GB_GCA_900318875.1,11160,5121,4938,0.44247311827956987,0.4588709677419355,host_associated,p__Bacillota_A
s__Prevotella_sp900317685--GB_GCA_900317685.1,7349,4486,4204,0.5720506191318546,0.6104231868281399,host_associated,p__Bacteroidota
s__JACRCG01_sp903852495--GB_GCA_903852495.1,10819,5881,5576,0.5153895923837692,0.5435807375912746,free_living,p__Desulfobacterota_F
s__Bacteroides_fragilis_A--RS_GCF_002849695.1,27919,18015,14696,0.5263798846663562,0.6452595006984491,host_associated,p__Bacteroidota
s__Ketobacter_sp002471665--GB_GCA_002471665.1,10345,6444,6113,0.5909134847752537,0.6229096181730305,free_living,p__Pseudomonadota
s__AAA164-E04_sp000383715--GB_GCA_000383715.1,8910,4073,3953,0.443658810325477,0.45712682379349046,free_living,p__Verrucomicrobiota
s__Clostridioides_difficile--RS_GCF_001077535.1,98935,28271,26054,0.26334462020518523,0.28575327235053316,host_associated,p__Bacillota_A
s__Rickettsia_rhipicephali--RS_GCF_000284075.1,5759,1867,1787,0.3102969265497482,0.32418822712276435,host_associated,p__Pseudomonadota
s__Mesotoga_prima--RS_GCF_000147715.2,7581,4240,4005,0.5282944202611792,0.5592929692652684,free_living,p__Thermotogota
s__Rhizobium_sp007000325--RS_GCF_019355555.1,10011,7658,6946,0.6938367795425032,0.7649585455998402,host_associated,p__Pseudomonadota
s__Gallionella_sp903885165--GB_GCA_903885165.1,9228,5247,4972,0.5387949718248808,0.5685955786736021,free_living,p__Pseudomonadota
s__BOG-930_sp903907955--GB_GCA_903907955.1,7597,4403,4198,0.5525865473213111,0.5795708832433856,free_living,p__Pseudomonadota
s__Alistipes_A_indistinctus--GB_GCA_025144995.1,5388,3782,3469,0.6438381588715665,0.7019302152932443,host_associated,p__Bacteroidota
s__Prevotella_sp900543975--GB_GCA_900543975.1,8934,4425,4046,0.45287665099619434,0.49529885829415715,host_associated,p__Bacteroidota
s__Corynebacterium_coyleae--RS_GCF_900105505.1,4821,3320,2849,0.59095623314665,0.6886538062642605,host_associated,p__Actinomycetota
s__Pseudoxanthomonas_A_mexicana--RS_GCF_010093385.1,7463,5343,4867,0.6521506096743936,0.7159319308589039,free_living,p__Pseudomonadota
s__Bartonella_quintana--RS_GCF_009936175.1,1832,1249,1181,0.644650655021834,0.6817685589519651,host_associated,p__Pseudomonadota
s__Prevotella_sp002437285--GB_GCA_002437285.1,4128,2534,2418,0.5857558139534884,0.6138565891472868,host_associated,p__Bacteroidota
s__Bacillus_A_mycoides--RS_GCF_000832605.1,43603,22558,18792,0.43097951975781484,0.5173497236428686,free_living,p__Bacillota
s__Stenotrophomonas_lactitubi--RS_GCF_002803515.1,10015,7191,6276,0.6266600099850225,0.7180229655516724,free_living,p__Pseudomonadota
s__Thermoanaerobacterium_thermosaccharolyticum--RS_GCF_000145615.1,5893,4574,4195,0.7118615306295605,0.7761751230273205,free_living,p__Bacillota_A
s__Rhodococcus_pyridinivorans--RS_GCF_900105195.1,18029,11959,10341,0.5735759054856066,0.6633202063342393,free_living,p__Actinomycetota
s__Pseudomonas_E_synxantha--RS_GCF_900105675.1,9855,8096,7238,0.7344495180111619,0.8215119228817859,host_associated,p__Pseudomonadota
s__Pseudomonas_E_cichorii--RS_GCF_018343775.1,7953,6507,5730,0.7204828366654092,0.8181818181818182,host_associated,p__Pseudomonadota
s__Clostridium_AP_sp000509125--RS_GCF_019597925.1,9257,6723,5995,0.6476180187965863,0.7262612077346873,host_associated,p__Bacillota_A
s__Blautia_A_sp900548245--RS_GCF_009883055.1,7333,5680,5157,0.7032592390563207,0.774580662757398,host_associated,p__Bacillota_A
s__Cryptobacteroides_sp902792815--GB_GCA_902792815.1,8366,4207,3998,0.47788668419794406,0.5028687544824288,host_associated,p__Bacteroidota
s__SXXZ01_sp903939515--GB_GCA_903939515.1,8698,3947,3763,0.43262819038859507,0.4537824787307427,free_living,p__Verrucomicrobiota
s__Negativibacillus_sp000435195--GB_GCA_000435195.1,6036,3559,3325,0.5508614976805831,0.5896288933068257,host_associated,p__Bacillota_A
s__Mesotoga_sp002752635--RS_GCF_002752635.1,7986,4311,4049,0.5070122714750814,0.5398196844477836,free_living,p__Thermotogota
s__Brevibacillus_B_halotolerans--RS_GCF_000219535.2,11754,6712,5837,0.49659690318189553,0.5710396460779309,free_living,p__Bacillota
s__Acidithiobacillus_A_caldus--RS_GCF_000175575.2,8811,4870,4457,0.5058449665191238,0.5527181931676314,free_living,p__Pseudomonadota
s__Achromobacter_ruhlandii--RS_GCF_902859695.1,14175,9780,8814,0.6217989417989418,0.68994708994709,host_associated,p__Pseudomonadota
s__Vibrio_metschnikovii--RS_GCF_000176155.1,12082,8227,7017,0.5807813275947691,0.6809303095513988,host_associated,p__Pseudomonadota
s__Sulfurovum_sp020525365--GB_GCA_020525365.1,4780,2312,2166,0.4531380753138075,0.48368200836820086,host_associated,p__Campylobacterota
s__Photobacterium_angustum--RS_GCF_003026365.1,9028,6517,5796,0.642002658396101,0.7218653079308817,host_associated,p__Pseudomonadota
s__Riemerella_anatipestifer--RS_GCF_000252855.1,7444,4219,3462,0.46507254164427725,0.5667651800107469,host_associated,p__Bacteroidota
s__Mycoplasmopsis_A_anatis--RS_GCF_900660655.1,1150,750,663,0.5765217391304348,0.6521739130434783,host_associated,p__Bacillota
s__Fen-1039_sp003165675--GB_GCA_003165675.1,7242,2887,2834,0.39132836233084783,0.39864678265672465,free_living,p__Chloroflexota
s__Vibrio_parahaemolyticus--RS_GCF_900460535.1,168850,53204,43588,0.258146283683743,0.31509623926562036,host_associated,p__Pseudomonadota
s__Pectobacterium_polaris--RS_GCF_002307355.1,13135,9668,8176,0.6224590787971069,0.7360487247811192,host_associated,p__Pseudomonadota
s__Bacteroides_cellulosilyticus--RS_GCF_000158035.1,36641,24212,20139,0.5496301956824322,0.6607898256051964,host_associated,p__Bacteroidota
s__Thiodubiliella_sp900128535--RS_GCF_900128535.1,6623,2345,2217,0.3347425637928431,0.3540691529518345,free_living,p__Pseudomonadota
s__CAG-269_sp003525075--GB_GCA_003525075.1,3875,1929,1779,0.4590967741935484,0.4978064516129032,host_associated,p__Bacillota_A
s__Coprococcus_eutactus--GB_GCA_025149915.1,8048,4855,4355,0.5411282306163022,0.6032554671968191,host_associated,p__Bacillota_A
s__Cryptobacteroides_sp004552965--GB_GCA_004552965.1,5196,2793,2667,0.5132794457274826,0.5375288683602771,host_associated,p__Bacteroidota
s__Bifidobacterium_kashiwanohense_A--RS_GCF_000800455.1,9001,4760,4392,0.4879457838017998,0.5288301299855571,host_associated,p__Actinomycetota
s__Commensalibacter_sp003202795--RS_GCF_003691365.1,2731,1841,1728,0.6327352618088612,0.6741120468692786,host_associated,p__Pseudomonadota
s__Stutzerimonas_degradans--RS_GCF_024448505.1,7045,5952,5340,0.7579843860894251,0.8448545067423705,free_living,p__Pseudomonadota
s__UBA10102_sp001825035--GB_GCA_001825035.1,1146,601,585,0.5104712041884817,0.5244328097731239,free_living,p__Patescibacteria
s__Acinetobacter_indicus--RS_GCF_000488255.1,18258,11573,9443,0.5171979406287655,0.6338591302442765,host_associated,p__Pseudomonadota
s__Aeromonas_salmonicida--RS_GCF_001643305.1,19770,11403,10236,0.5177541729893779,0.5767830045523521,host_associated,p__Pseudomonadota
s__Xanthomonas_A_albilineans--RS_GCF_002939705.1,5395,3643,3325,0.6163113994439295,0.6752548656163114,host_associated,p__Pseudomonadota
s__Clavibacter_nebraskensis--RS_GCF_000355695.1,3127,2681,2509,0.8023664854493124,0.8573712823792773,host_associated,p__Actinomycetota
s__Paraclostridium_dentum--RS_GCF_012922555.1,10688,7080,6158,0.5761601796407185,0.6624251497005988,host_associated,p__Bacillota_A
s__RF16_sp900316005--GB_GCA_900316005.1,5810,2862,2670,0.459552495697074,0.4925989672977625,host_associated,p__Bacteroidota
s__UBA1205_sp002309475--GB_GCA_002309475.1,5784,2696,2423,0.4189142461964039,0.4661134163208852,host_associated,p__Bacteroidota
s__Prevotella_lacticifex--RS_GCF_019973375.1,5653,3350,3051,0.539713426499204,0.5926056960905713,host_associated,p__Bacteroidota
s__Chlorobium_sp903994635--GB_GCA_903994635.1,5746,3628,3334,0.5802297250261051,0.6313957535676993,free_living,p__Bacteroidota
s__CAIYEO01_sp903840315--GB_GCA_903840315.1,1680,755,735,0.4375,0.4494047619047619,free_living,p__Patescibacteria
s__QYPT01_sp903834705--GB_GCA_903834705.1,3805,2553,2515,0.6609724047306176,0.6709592641261498,free_living,p__Actinomycetota
s__Collinsella_sp019041915--RS_GCF_019041915.1,4235,2937,2733,0.645336481700118,0.6935064935064935,host_associated,p__Actinomycetota
s__Adlercreutzia_equolifaciens--RS_GCF_000478885.1,8519,5360,4855,0.5699025707242634,0.6291818288531518,host_associated,p__Actinomycetota
s__Staphylococcus_simulans--RS_GCF_002902285.1,9588,5509,4879,0.5088652482269503,0.5745723821443471,host_associated,p__Bacillota
s__BACL14_sp010023085--GB_GCA_024919215.1,3615,2437,2389,0.6608575380359613,0.6741355463347165,free_living,p__Pseudomonadota
s__UBA10138_sp000995845--GB_GCA_000995845.1,2257,935,905,0.4009747452370403,0.4142667257421356,free_living,p__Patescibacteria
s__Streptomyces_scabiei--RS_GCF_000091305.1,25595,16567,13342,0.521273686266849,0.6472748583707756,host_associated,p__Actinomycetota
s__Aerococcus_sanguinicola--RS_GCF_001543145.1,2232,1831,1768,0.7921146953405018,0.8203405017921147,host_associated,p__Bacillota
s__Citrobacter_B_koseri--GB_GCA_900446925.1,18882,12833,10788,0.571337782014617,0.6796419870776401,host_associated,p__Pseudomonadota
s__UBA7227_sp002473085--GB_GCA_002473085.1,7038,4015,3771,0.5358056265984654,0.5704745666382495,free_living,p__Chloroflexota
s__RAAP-2_sp903848885--GB_GCA_903848885.1,5701,2803,2749,0.4821961059463252,0.4916681283985266,free_living,p__Actinomycetota
s__UBA9145_sp001438145--GB_GCA_001438145.1,11247,5274,5120,0.4552325064461634,0.46892504667911444,free_living,p__Pseudomonadota
s__Staphylococcus_saccharolyticus--RS_GCF_900458815.1,3776,2449,2302,0.6096398305084746,0.6485699152542372,host_associated,p__Bacillota
s__Acinetobacter_parvus--RS_GCF_000368025.1,6417,4911,4114,0.6411095527505065,0.7653108929406265,host_associated,p__Pseudomonadota
s__2-02-FULL-49-12_sp001796315--GB_GCA_001796315.1,2621,1358,1278,0.4876001526135063,0.5181228538725677,free_living,p__Chlamydiota
s__Bifidobacterium_pseudolongum--RS_GCF_000771225.1,2908,2300,2046,0.703576341127923,0.7909215955983494,host_associated,p__Actinomycetota
s__Acidovorax_defluvii--GB_GCA_003268905.1,10909,7629,7141,0.6545971216426804,0.6993308277568979,free_living,p__Pseudomonadota
s__Pseudomonas_E_amygdali--RS_GCF_002699855.1,58575,24095,20829,0.35559539052496797,0.41135296628254375,host_associated,p__Pseudomonadota
s__Neorhizobium_tomejilense--GB_GCA_002968845.1,13542,10270,9026,0.6665189779943879,0.7583813321518239,free_living,p__Pseudomonadota
s__Stutzerimonas_sp004010935--GB_GCA_004010935.1,11440,8135,7353,0.6427447552447553,0.7111013986013986,free_living,p__Pseudomonadota
s__Borreliella_burgdorferi--RS_GCF_000008685.2,5936,1274,1234,0.20788409703504043,0.21462264150943397,host_associated,p__Spirochaetota
s__Thiodubiliella_sp001298715--RS_GCF_001298715.1,11018,3345,3158,0.286621891450354,0.3035941187148303,free_living,p__Pseudomonadota
s__KS41_sp903908165--GB_GCA_903908165.1,7079,4125,3846,0.5432970758581721,0.582709422234779,free_living,p__Pseudomonadota
s__PALSA-1004_sp903889565--GB_GCA_903889565.1,11579,7305,7077,0.6111926763969254,0.6308834959841092,free_living,p__Pseudomonadota
s__Parabacteroides_johnsonii--GB_GCA_025151045.1,15302,10420,9095,0.5943667494445171,0.6809567376813488,host_associated,p__Bacteroidota
s__Haemophilus_D_parainfluenzae_M--RS_GCF_003253005.1,4286,3176,2979,0.6950536630891274,0.7410172655156323,host_associated,p__Pseudomonadota
s__UBA412_sp002495685--GB_GCA_002495685.1,3614,1930,1782,0.4930824571112341,0.5340343110127282,host_associated,p__Methanobacteriota
s__Methanococcus_maripaludis--RS_GCF_002945325.1,4594,3250,2605,0.5670439703961689,0.7074444928167175,free_living,p__Methanobacteriota
s__Moraxella_A_cinereus--GB_GCA_014647715.1,11497,6704,5974,0.5196138122988606,0.5831086370357484,host_associated,p__Pseudomonadota
s__Fusobacterium_vincentii--GB_GCA_000182945.1,5111,3556,3022,0.5912737233418118,0.6957542555272941,host_associated,p__Fusobacteriota
s__CAG-170_sp900549635--GB_GCA_916988195.3,6642,4542,4158,0.6260162601626016,0.6838301716350497,host_associated,p__Bacillota_A
s__Pelagibacter_sp003209915--GB_GCA_003209915.1,9687,5979,5780,0.5966759574687726,0.617218953236296,free_living,p__Pseudomonadota
s__CAG-272_sp000433515--GB_GCA_000433515.1,4987,2799,2605,0.5223581311409665,0.561259274112693,host_associated,p__Bacillota_A
s__Chlorobium_sp903895195--GB_GCA_903895195.1,7977,4313,4026,0.5047010154193305,0.5406794534286072,free_living,p__Bacteroidota
s__Paraburkholderia_aspalathi--RS_GCF_900116445.1,21030,15902,14004,0.6659058487874465,0.7561578697099381,free_living,p__Pseudomonadota
s__Rothia_kristinae--RS_GCF_001570865.1,4260,2825,2659,0.6241784037558685,0.6631455399061033,host_associated,p__Actinomycetota
s__Burkholderia_pseudomultivorans--RS_GCF_902499075.1,12600,10371,9394,0.7455555555555555,0.8230952380952381,free_living,p__Pseudomonadota
s__Escherichia_fergusonii--RS_GCF_000026225.1,21117,12234,10379,0.4914997395463371,0.5793436567694275,host_associated,p__Pseudomonadota
s__Staphylococcus_chromogenes--RS_GCF_002901945.1,8776,4897,4337,0.4941886964448496,0.5579990884229717,host_associated,p__Bacillota
s__Bin80_sp009838195--GB_GCA_009838195.1,4712,2581,2434,0.516553480475382,0.5477504244482173,host_associated,p__Bacteroidota
s__CAG-170_sp003516765--GB_GCA_003516765.1,7305,4450,4137,0.5663244353182751,0.6091718001368925,host_associated,p__Bacillota_A
s__UBA1066_sp900314565--GB_GCA_900314565.1,13935,7739,7222,0.5182633656261213,0.5553641908862577,host_associated,p__Bacillota_A
s__Rhodoferax_C_sp903845935--GB_GCA_903845935.1,13664,7749,7452,0.5453747072599532,0.5671106557377049,free_living,p__Pseudomonadota
s__CAG-724_sp003524145--GB_GCA_003524145.1,3670,2186,2038,0.5553133514986376,0.5956403269754769,host_associated,p__Bacillota_A
s__UBA6448_sp000437315--GB_GCA_000437315.1,4065,1710,1605,0.3948339483394834,0.42066420664206644,host_associated,p__Bacillota
s__Stenotrophomonas_pavanii--RS_GCF_900101175.1,8192,5955,5263,0.6424560546875,0.7269287109375,host_associated,p__Pseudomonadota
s__GWC1-49-16_sp001029675--GB_GCA_001029675.1,2229,1048,1018,0.4567070435172723,0.47016599371915657,free_living,p__Patescibacteria
s__Ferruginibacter_sp002381005--GB_GCA_016699815.1,8646,4049,3847,0.44494563960212813,0.4683090446449225,free_living,p__Bacteroidota
s__Corynebacterium_pseudotuberculosis--RS_GCF_002155265.1,4032,2658,2406,0.5967261904761905,0.6592261904761905,host_associated,p__Actinomycetota
s__Mycoplasma_mycoides--GB_GCA_000011445.1,1490,907,787,0.5281879194630873,0.6087248322147651,host_associated,p__Bacillota
s__F1-20-MAGs160_sp009700115--GB_GCA_009700115.1,4825,2945,2843,0.5892227979274611,0.6103626943005181,free_living,p__Actinomycetota
s__CAG-196_sp002102975--GB_GCA_900552525.1,9128,4139,3728,0.4084136722173532,0.4534399649430324,host_associated,p__Cyanobacteriota
s__Thioglobus_C_sp003489145--GB_GCA_003489145.1,5175,2752,2707,0.5230917874396135,0.5317874396135266,free_living,p__Pseudomonadota
s__Xanthomonas_cissicola--RS_GCF_008801575.1,34059,14580,12890,0.37846090607475263,0.4280806835197745,host_associated,p__Pseudomonadota
s__Empedobacter_falsenii--RS_GCF_019308355.1,12692,7362,6383,0.5029152221872045,0.5800504254648597,host_associated,p__Bacteroidota
s__Nocardia_cyriacigeorgica--RS_GCF_000308555.1,12285,8924,7516,0.6118030118030118,0.7264143264143265,host_associated,p__Actinomycetota
s__RAAP-2_sp003141095--GB_GCA_003141095.1,4745,2872,2802,0.5905163329820864,0.6052687038988409,free_living,p__Actinomycetota
s__Comamonas_thiooxydans--RS_GCF_000964545.1,20323,13261,11713,0.5763420754809822,0.6525119322934606,free_living,p__Pseudomonadota
s__RUG472_sp900545265--GB_GCA_900545265.1,11855,7620,6590,0.5558835934204976,0.6427667650780261,host_associated,p__Bacillota_A
s__Prevotella_sp900314715--GB_GCA_900314715.1,10249,5231,4853,0.4735096106937262,0.5103912576836764,host_associated,p__Bacteroidota
s__Enteromonas_sp900316365--GB_GCA_900316365.1,5842,2190,2146,0.3673399520712085,0.374871619308456,host_associated,p__Bacillota
s__Fen-1231_sp903882745--GB_GCA_903882745.1,5767,3259,3105,0.5384081844980059,0.5651118432460551,free_living,p__Gemmatimonadota
s__UBA3442_sp002378565--GB_GCA_002378565.1,3989,2181,2105,0.5277011782401605,0.5467535723238907,free_living,p__Bacteroidota
s__Burkholderia_lata--RS_GCF_000012945.1,18273,13008,11749,0.642970502927817,0.7118699720899688,free_living,p__Pseudomonadota
s__Helicobacter_pylori_A--RS_GCF_001653455.1,3695,1981,1841,0.4982408660351827,0.5361299052774019,host_associated,p__Campylobacterota
s__Lysinibacillus_fusiformis--RS_GCF_003049525.1,17133,9063,7633,0.44551450417323296,0.5289791630187358,free_living,p__Bacillota
s__Cryptobacteroides_sp900321715--GB_GCA_900321715.1,6711,3406,3273,0.4877067501117568,0.5075249590225004,host_associated,p__Bacteroidota
s__Cryptobacteroides_sp002354005--GB_GCA_002354005.1,6032,3364,3188,0.5285145888594165,0.5576923076923077,host_associated,p__Bacteroidota
s__Palsa-1447_sp903834135--GB_GCA_903834135.1,7710,3657,3468,0.44980544747081713,0.4743190661478599,free_living,p__Verrucomicrobiota
s__UBA4588_sp002387605--GB_GCA_002387605.1,6157,3640,3566,0.5791781711872666,0.5911970115315901,free_living,p__Pseudomonadota
s__RUG115_sp900066395--RS_GCF_003479605.1,14806,9274,7969,0.5382277455085775,0.626367688774821,host_associated,p__Bacillota_A
s__Haemophilus_haemolyticus--RS_GCF_001679045.1,6427,4152,3736,0.5812976505367979,0.646024583787148,host_associated,p__Pseudomonadota
s__Dickeya_solani--RS_GCF_001644705.1,6340,5084,4857,0.7660883280757098,0.8018927444794953,host_associated,p__Pseudomonadota
s__Chryseobacterium_indologenes--GB_GCA_016025055.1,13248,8831,7129,0.538118961352657,0.6665911835748792,host_associated,p__Bacteroidota
s__UBA1096_sp018674955--GB_GCA_018674955.1,11445,4683,4554,0.3979030144167759,0.4091743119266055,free_living,p__Verrucomicrobiota
s__Planktothrix_agardhii--GB_GCA_003609755.1,9717,6545,5626,0.5789852835237214,0.6735617989091284,free_living,p__Cyanobacteriota
s__Rhodococcus_qingshengii--RS_GCF_023221595.1,38690,20808,18106,0.46797622124579996,0.5378133884724735,free_living,p__Actinomycetota
s__Marisimplicoccus_sp902622595--GB_GCA_902622595.1,2231,1683,1620,0.7261317794710892,0.7543702375616316,free_living,p__Bacteroidota
s__CAG-964_sp900316615--GB_GCA_900316615.1,5404,2789,2670,0.49407846039970393,0.5160991857883049,host_associated,p__Bacillota_A
s__Polynucleobacter_sp903846025--GB_GCA_903846025.1,7198,4015,3805,0.5286190608502361,0.5577938316198944,free_living,p__Pseudomonadota
s__Lachnospira_rogosae--GB_GCA_900112995.1,8579,5575,4952,0.5772234526168551,0.6498426390022147,host_associated,p__Bacillota_A
s__Comamonas_kerstersii--RS_GCF_008801935.1,8276,5534,5067,0.6122522957950701,0.6686805219913001,host_associated,p__Pseudomonadota
s__Enterococcus_B_pernyi--RS_GCF_013394305.1,9002,5616,4500,0.4998889135747612,0.6238613641413019,host_associated,p__Bacillota
s__Xylella_fastidiosa--RS_GCF_011801475.1,17144,4513,4143,0.24165888940737285,0.2632407839477368,host_associated,p__Pseudomonadota
s__GCA-2731375_sp018660265--GB_GCA_018660265.1,11304,7475,7243,0.6407466383581033,0.6612703467799009,free_living,p__Pseudomonadota
s__Geocrenenecus_huangii--GB_GCA_023268155.1,3113,1719,1643,0.5277867009315772,0.5522004497269515,free_living,p__Thermoproteota
s__Histophilus_somni--RS_GCF_014202395.1,5794,3102,2816,0.4860200207110804,0.5353814290645496,host_associated,p__Pseudomonadota
s__Streptococcus_halichoeri--RS_GCF_009870755.1,3904,2751,2451,0.6278176229508197,0.7046618852459017,host_associated,p__Bacillota
s__Xanthomonas_hortorum_B--GB_GCA_024498995.1,6141,4498,4189,0.6821364598599576,0.732453997720241,host_associated,p__Pseudomonadota
s__Longicatena_caecimuris--RS_GCF_004341945.1,9411,6390,5605,0.5955796408458187,0.6789926681542875,host_associated,p__Bacillota
s__Lactiplantibacillus_plantarum--RS_GCF_014131735.1,42944,19195,16735,0.3896935543964232,0.44697745901639346,host_associated,p__Bacillota
s__Eubacterium_R_sp900542875--GB_GCA_900542875.1,5278,3387,3040,0.5759757483895415,0.6417203486169003,host_associated,p__Bacillota_A
s__CAG-273_sp003534295--GB_GCA_003534295.1,3984,2055,1869,0.4691265060240964,0.5158132530120482,host_associated,p__Bacillota_A
s__RUG420_sp900317985--GB_GCA_900317985.1,10250,4364,4270,0.4165853658536585,0.4257560975609756,host_associated,p__Bacillota_A
s__Phascolarctobacterium_faecium--RS_GCF_003269275.1,11494,6307,5787,0.5034800765616844,0.548721071863581,host_associated,p__Bacillota_C
s__Dolosigranulum_pigrum--RS_GCF_000245815.1,4571,2824,2627,0.5747101290746007,0.6178079194924524,host_associated,p__Bacillota
s__Dolichospermum_sp000312705--RS_GCF_012516395.1,18212,10613,8889,0.48808477926641775,0.5827476389193939,free_living,p__Cyanobacteriota
s__Clostridium_H_botulinum_A--RS_GCF_017100085.1,5648,3748,3269,0.5787889518413598,0.6635977337110481,host_associated,p__Bacillota_A
s__Mycoplasmopsis_A_synoviae--RS_GCF_000969765.1,1496,909,847,0.5661764705882353,0.607620320855615,host_associated,p__Bacillota
s__Streptococcus_pseudoporcinus--RS_GCF_000188035.1,3111,2529,2338,0.7515268402442944,0.8129218900675024,host_associated,p__Bacillota
s__Treponema_phagedenis--RS_GCF_008153345.1,4627,2781,2484,0.5368489301923492,0.6010373892370867,host_associated,p__Spirochaetota
s__Saccharofermentans_sp902782125--GB_GCA_902782125.1,5151,3152,2982,0.5789167152009319,0.6119200155309649,host_associated,p__Bacillota_A
s__CAIRDP01_sp903916595--GB_GCA_903916595.1,13164,6016,5637,0.4282133090246126,0.4570039501671225,free_living,p__Bacteroidota
s__Gordonia_polyisoprenivorans--RS_GCF_000241325.1,11839,8589,7764,0.6557986316411859,0.7254835712475716,free_living,p__Actinomycetota
s__Copromonas_sp900066785--RS_GCF_003478035.1,14441,9103,7940,0.5498234194307874,0.6303580084481684,host_associated,p__Bacillota_A
s__Vagococcus_fluvialis--RS_GCF_003337315.1,7250,5153,4596,0.6339310344827587,0.7107586206896551,host_associated,p__Bacillota
s__Streptococcus_gordonii--RS_GCF_001553855.1,12396,6578,5493,0.4431268151016457,0.5306550500161342,host_associated,p__Bacillota
s__Kitasatospora_aureofaciens--RS_GCF_001188955.3,13538,10247,8672,0.640567292066775,0.7569064854483676,free_living,p__Actinomycetota
s__Leclercia_adecarboxylata_C--RS_GCF_006874705.1,9044,7328,6636,0.7337461300309598,0.8102609464838567,host_associated,p__Pseudomonadota
s__Salmonella_bongori--RS_GCF_000252995.1,7661,6106,5615,0.7329330374624723,0.7970238872209894,host_associated,p__Pseudomonadota
s__Halomonas_alkaliphila--RS_GCF_016107625.1,9135,6650,6179,0.6764094143404489,0.7279693486590039,free_living,p__Pseudomonadota
s__Pseudomonas_E_fluorescens_AN--RS_GCF_001708445.1,13400,9903,8816,0.657910447761194,0.7390298507462687,free_living,p__Pseudomonadota
s__Vibrio_mimicus--RS_GCF_000338875.1,10571,7494,6538,0.6184845331567496,0.7089206319175102,host_associated,p__Pseudomonadota
s__Mesorhizobium_sp002294725--RS_GCF_002294725.1,10651,8154,7420,0.6966482020467561,0.765561919068632,free_living,p__Pseudomonadota
s__Photobacterium_phosphoreum--RS_GCF_002954725.1,12161,7992,6963,0.572568045391004,0.6571827974673136,host_associated,p__Pseudomonadota
s__Lawsonibacter_asaccharolyticus--GB_GCA_003112755.1,11253,6982,6214,0.5522083000088865,0.6204567670843331,host_associated,p__Bacillota_A
s__CAG-492_sp000434335--GB_GCA_000434335.1,4953,2371,2181,0.4403391883706844,0.47869977791237633,host_associated,p__Bacillota_A
s__Sodaliphilus_sp900318535--GB_GCA_900318535.1,6174,3344,3067,0.49676060900550695,0.5416261742792355,host_associated,p__Bacteroidota
s__UBA8401_sp903861125--GB_GCA_903861125.1,6632,3675,3494,0.5268395657418576,0.5541314837153196,free_living,p__Bacteroidota
s__Polynucleobacter_sp903935355--GB_GCA_903935355.1,3381,2431,2307,0.6823425022182786,0.7190180419994084,free_living,p__Pseudomonadota
s__VUNA01_sp002299625--RS_GCF_009695905.1,4142,2631,2484,0.5997102848865282,0.635200386286818,host_associated,p__Bacillota_A
s__Corynebacterium_sanguinis--RS_GCF_007641235.1,5392,3802,3355,0.6222181008902077,0.7051186943620178,host_associated,p__Actinomycetota
s__Brevibacterium_casei--RS_GCF_900169275.1,8346,6051,5389,0.6456985382219027,0.7250179726815241,host_associated,p__Actinomycetota
s__GCA-2687515_sp018674495--GB_GCA_018674495.1,7915,5207,5044,0.6372710044219836,0.6578648136449778,free_living,p__Pseudomonadota
s__Streptomyces_mirabilis--GB_GCA_001550305.1,29940,19705,16291,0.544121576486306,0.6581496325985304,free_living,p__Actinomycetota
s__Rhizobium_sp900473185--GB_GCA_900473185.1,10508,8721,7980,0.7594213932242101,0.8299390940236011,host_associated,p__Pseudomonadota
s__Caballeronia_zhejiangensis--RS_GCF_000698575.1,16446,12033,10647,0.6473914629697191,0.7316672747172565,host_associated,p__Pseudomonadota
s__Sinorhizobium_medicae--RS_GCF_007827695.1,25473,14382,12703,0.4986848820319554,0.564597809445295,host_associated,p__Pseudomonadota
s__Egerieousia_sp004561775--GB_GCA_004561775.1,5094,2506,2450,0.48095798979191207,0.49195131527287006,host_associated,p__Bacteroidota
s__CAG-41_sp900066215--GB_GCA_003460745.1,15574,7246,6593,0.42333376139720047,0.46526261718248363,host_associated,p__Bacillota_A
s__Wolbachia_sp000008385--RS_GCF_000008385.1,3478,851,831,0.2389304197814836,0.24468085106382978,host_associated,p__Pseudomonadota
s__Intestinibacter_bartlettii--GB_GCA_025148965.1,9007,5918,5325,0.591206839125125,0.657044520928167,host_associated,p__Bacillota_A
s__Prevotella_vespertina--RS_GCF_009728485.1,6304,3980,3464,0.549492385786802,0.6313451776649747,host_associated,p__Bacteroidota
s__Eikenella_corrodens--RS_GCF_900187105.1,5712,3555,2979,0.5215336134453782,0.6223739495798319,host_associated,p__Pseudomonadota
s__Pantoea_ananatis--RS_GCF_000710035.2,29353,15835,13410,0.45685279187817257,0.5394678567778421,host_associated,p__Pseudomonadota
s__Corynebacterium_aurimucosum--RS_GCF_024138775.1,4933,3501,3038,0.615852422460977,0.7097101155483478,host_associated,p__Actinomycetota
s__Bartonella_A_apis--RS_GCF_001952075.1,3112,2394,2261,0.7265424164524421,0.769280205655527,host_associated,p__Pseudomonadota
s__Bombella_apis--RS_GCF_018221685.1,2914,2117,1962,0.6733013040494166,0.7264927934111187,host_associated,p__Pseudomonadota
s__Pseudomonas_E_extremaustralis--RS_GCF_900102035.1,9952,7840,7144,0.7178456591639871,0.7877813504823151,free_living,p__Pseudomonadota
s__Pantoea_agglomerans--RS_GCF_001598475.1,28350,16964,14119,0.4980246913580247,0.5983774250440917,host_associated,p__Pseudomonadota
s__Methylophaga_sp002363955--GB_GCA_002363955.1,5306,3801,3609,0.6801733886166604,0.716358839050132,free_living,p__Pseudomonadota
s__Shewanella_chilikensis--RS_GCF_002836945.1,6834,5231,4723,0.6911033069944396,0.7654375182908985,free_living,p__Pseudomonadota
s__Thauera_aminoaromatica--RS_GCF_000310185.1,9131,6509,6111,0.6692585697075896,0.7128463476070529,free_living,p__Pseudomonadota
s__Borreliella_valaisiana--RS_GCF_000170955.2,4344,896,856,0.19705340699815838,0.20626151012891344,host_associated,p__Spirochaetota
s__Streptomyces_papulosus--RS_GCF_000717245.1,14041,10127,8480,0.6039455879210882,0.7212449255751014,free_living,p__Actinomycetota
s__Xanthomonas_A_translucens--RS_GCF_000331775.1,17343,8376,7539,0.4346998789136828,0.48296142535893444,host_associated,p__Pseudomonadota
s__Ralstonia_insidiosa--RS_GCF_008801405.1,10043,7864,6888,0.6858508413820572,0.7830329582793986,host_associated,p__Pseudomonadota
s__Pannonibacter_indicus--RS_GCF_001418225.1,8237,6927,6305,0.7654485856501153,0.8409615151147263,free_living,p__Pseudomonadota
s__Salinivibrio_siamensis--RS_GCF_001996005.1,5413,4336,3916,0.723443561795677,0.8010345464622206,free_living,p__Pseudomonadota
s__Chelonobacter_aquarius--RS_GCF_004342725.1,4094,3162,3054,0.7459697117733268,0.7723497801660967,host_associated,p__Pseudomonadota
s__14-2_sp011960065--GB_GCA_910575555.1,9189,6875,5808,0.6320600718250081,0.7481771683534661,host_associated,p__Bacillota_A
s__MED-G14_sp002697465--GB_GCA_902614065.1,3794,2433,2332,0.6146547179757512,0.6412756984712704,free_living,p__Bacteroidota
s__Citrobacter_A_farmeri--RS_GCF_019048065.1,11912,9530,8297,0.6965245130960376,0.8000335795836132,host_associated,p__Pseudomonadota
s__ER4_sp000765235--RS_GCF_000765235.1,19945,11736,10241,0.5134620205565305,0.5884181499122587,host_associated,p__Bacillota_A
s__Methanobrevibacter_A_sp900319535--GB_GCA_902771225.1,8951,3933,3616,0.40397720925036307,0.439392246676349,host_associated,p__Methanobacteriota
s__Bifidobacterium_boum--RS_GCF_000741535.1,4062,2479,2243,0.552191038897095,0.6102904972919744,host_associated,p__Actinomycetota
s__CAIUMH01_sp903900235--GB_GCA_903900235.1,6568,3346,3196,0.4866017052375152,0.5094397076735688,free_living,p__Actinomycetota
s__Limosilactobacillus_oris--RS_GCF_001434465.1,4707,3470,3036,0.6449968132568515,0.7371999150201827,host_associated,p__Bacillota
s__Hydrogenovibrio_sp002779995--GB_GCA_002779995.1,3477,2514,2393,0.6882369859073915,0.723037100949094,free_living,p__Pseudomonadota
s__Acidithiobacillus_thiooxidans--RS_GCF_009662475.1,14110,6987,6295,0.44613749114103474,0.4951807228915663,free_living,p__Pseudomonadota
s__Pseudomonas_E_salomonii--RS_GCF_900107155.1,10103,8176,7291,0.7216668316341681,0.8092645748787489,host_associated,p__Pseudomonadota
s__Bacillus_amyloliquefaciens--RS_GCF_000196735.1,8303,5762,5089,0.6129109960255329,0.6939660363723955,free_living,p__Bacillota
s__Pseudomonas_E_donghuensis--RS_GCF_000259195.1,7560,6590,5875,0.7771164021164021,0.8716931216931217,free_living,p__Pseudomonadota
s__UBA4372_sp900766785--GB_GCA_900766785.1,5993,3077,2924,0.4879025529784749,0.5134323377273485,host_associated,p__Bacteroidota
s__SAR86A_sp000252525--GB_GCA_000252525.1,2887,2085,2041,0.7069622445445098,0.7222029788708001,free_living,p__Pseudomonadota
s__JACRCG01_sp903939115--GB_GCA_903939115.1,9364,5348,5034,0.5375907731738573,0.571123451516446,free_living,p__Desulfobacterota_F
s__Eubacterium_R_sp000434995--GB_GCA_000434995.1,4074,2530,2354,0.5778105056455571,0.6210112911143839,host_associated,p__Bacillota_A
s__Bifidobacterium_thermophilum--GB_GCA_000771265.1,5091,2814,2570,0.5048124140640345,0.5527401296405421,host_associated,p__Actinomycetota
s__Acinetobacter_fasciculus--RS_GCF_011058205.1,9472,6914,5653,0.5968116554054054,0.7299408783783784,host_associated,p__Pseudomonadota
s__Aeromonas_hydrophila--RS_GCF_000014805.1,29514,16853,14725,0.498915768787694,0.5710171444060446,host_associated,p__Pseudomonadota
s__Alcaligenes_aquatilis--RS_GCF_003076515.1,6845,5427,4939,0.7215485756026296,0.7928414901387875,free_living,p__Pseudomonadota
s__Acinetobacter_pseudolwoffii--RS_GCF_002803605.1,10288,7574,6047,0.5877721617418351,0.7361975116640747,host_associated,p__Pseudomonadota
s__Sphingopyxis_terrae--RS_GCF_001598815.1,14206,9858,8642,0.6083345065465297,0.6939321413487259,free_living,p__Pseudomonadota
s__Burkholderia_savannae--RS_GCF_001524625.2,8532,6878,6190,0.7255039849976559,0.8061415846225973,free_living,p__Pseudomonadota
s__Dermatophilus_congolensis--RS_GCF_900187045.1,3442,2132,2033,0.5906449738524114,0.6194073213248111,host_associated,p__Actinomycetota
s__CAG-353_sp900066885--GB_GCA_902363145.1,9546,4899,4396,0.4605070186465535,0.5131992457573853,host_associated,p__Bacillota_A
s__Barnesiella_intestinihominis--RS_GCF_000296465.1,13819,7871,6810,0.49279976843476375,0.5695781170851726,host_associated,p__Bacteroidota
s__Pseudomonas_E_guariconensis--RS_GCF_900102675.1,9790,7881,6917,0.7065372829417773,0.8050051072522982,free_living,p__Pseudomonadota
s__Chlorobium_sp903994525--GB_GCA_903994525.1,6502,3764,3489,0.5366041218086742,0.5788988003691172,free_living,p__Bacteroidota
s__CAIUWA01_sp903827245--GB_GCA_903827245.1,5731,3651,3442,0.6005932647007503,0.6370615948351073,free_living,p__Verrucomicrobiota
s__Bariatricus_comes--GB_GCA_025149785.1,19916,13208,11493,0.577073709580237,0.6631853785900783,host_associated,p__Bacillota_A
s__Butyribacter_sp003529475--RS_GCF_003478335.1,8071,4638,4286,0.5310370462148433,0.5746499814149424,host_associated,p__Bacillota_A
s__Thermus_thermophilus--RS_GCF_000091545.1,6451,4548,4039,0.6261044799255929,0.705006975662688,free_living,p__Deinococcota
s__Epibacterium_mobile--RS_GCF_001681715.1,11688,8016,6996,0.5985626283367557,0.6858316221765913,free_living,p__Pseudomonadota
s__CG2-30-66-41_sp002779825--GB_GCA_002779825.1,14160,5255,4919,0.34738700564971753,0.3711158192090395,free_living,p__Armatimonadota
s__Cytobacillus_firmus_B--RS_GCF_023657595.1,9320,7668,6667,0.7153433476394849,0.8227467811158798,free_living,p__Bacillota
s__Brevibacterium_aurantiacum--RS_GCF_900169065.1,11794,8928,8014,0.6794980498558589,0.7569950822452094,free_living,p__Actinomycetota
s__Microbacterium_maritypicum--GB_GCA_008868125.1,8329,5643,5004,0.6007924120542683,0.6775123063993277,host_associated,p__Actinomycetota
s__Rhizobium_dioscoreae--RS_GCF_009176305.1,15835,12491,11181,0.7060940953583833,0.7888222292390275,host_associated,p__Pseudomonadota
s__Enterobacter_mori--RS_GCF_000211415.1,16908,12553,10708,0.6333096758930684,0.7424296191152118,host_associated,p__Pseudomonadota
s__Veillonella_nakazawae--RS_GCF_013393365.1,10931,5726,5268,0.48193211965968347,0.5238313054615314,host_associated,p__Bacillota_C
s__Mediterraneibacter_excrementipullorum--GB_GCA_900555215.1,5931,4323,3971,0.6695329624009442,0.7288821446636318,host_associated,p__Bacillota_A
s__Vescimonas_fastidiosa--RS_GCF_018326305.1,6022,3977,3541,0.588010627698439,0.6604118233145134,host_associated,p__Bacillota_A
s__Streptococcus_sp001556435--RS_GCF_009738225.1,11813,6554,5834,0.49386269364259716,0.5548124947092187,host_associated,p__Bacillota
s__Prevotella_sp900316265--GB_GCA_900316265.1,8455,4904,4541,0.5370786516853933,0.5800118273211118,host_associated,p__Bacteroidota
s__Prevotella_sp900316285--GB_GCA_900316285.1,11494,6099,5613,0.4883417435183574,0.5306246737428223,host_associated,p__Bacteroidota
s__Ruminococcus_E_sp900316555--GB_GCA_900316555.1,17246,7559,7209,0.41800997332714834,0.4383045343847849,host_associated,p__Bacillota_A
s__C7867-002_sp903870315--GB_GCA_903870315.1,1443,570,556,0.3853083853083853,0.39501039501039503,free_living,p__Patescibacteria
s__Chlorobium_sp903836465--GB_GCA_903836465.1,5297,3364,3120,0.589012648669058,0.6350764583726638,free_living,p__Bacteroidota
s__F1-60-MAGs163_sp903959665--GB_GCA_903959665.1,8737,3783,3628,0.41524550761130824,0.43298615085269543,free_living,p__Actinomycetota
s__Collinsella_aerofaciens_F--RS_GCF_001405375.1,4406,2988,2769,0.6284611892873354,0.6781661370857921,host_associated,p__Actinomycetota
s__Sphingobium_fuliginis--RS_GCF_004152845.1,15162,11626,10063,0.6636987204854241,0.7667853845139164,free_living,p__Pseudomonadota
s__Rhodococcus_fascians_E--RS_GCF_000760735.1,12579,9568,8346,0.6634867636537085,0.7606328006995786,host_associated,p__Actinomycetota
s__SFDB01_sp004558825--GB_GCA_004558825.1,5405,3080,2856,0.5283996299722479,0.5698427382053654,host_associated,p__Bacillota_A
s__Anaerotignum_faecicola--RS_GCF_003865035.1,6418,4051,3651,0.5688688064817701,0.6311935182299782,host_associated,p__Bacillota_A
s__UBA2810_sp900317945--GB_GCA_900317945.1,8075,3682,3492,0.43244582043343655,0.4559752321981424,host_associated,p__Pseudomonadota
s__SYAC01_sp903898755--GB_GCA_903898755.1,6360,2573,2510,0.3946540880503145,0.40455974842767295,free_living,p__Planctomycetota
s__Ligilactobacillus_agilis--RS_GCF_001436215.1,8563,4854,4455,0.5202615905640546,0.5668574097862898,host_associated,p__Bacillota
s__Odoribacter_splanchnicus--RS_GCF_000190535.1,21306,12754,10924,0.5127194217591289,0.5986107199849807,host_associated,p__Bacteroidota
s__Stenotrophomonas_maltophilia_AM--RS_GCF_013004645.1,11157,6711,5943,0.5326700726001613,0.601505781123958,host_associated,p__Pseudomonadota
s__REAB01_sp004293645--GB_GCA_004293645.1,7308,4740,4237,0.5797755883962781,0.6486042692939245,free_living,p__Bacteroidota
s__Burkholderia_mallei--RS_GCF_000011705.1,68969,26740,23295,0.3377604430976236,0.3877104206237585,host_associated,p__Pseudomonadota
s__Proteus_penneri--RS_GCF_003144535.1,7662,5960,5127,0.6691464369616288,0.7778647872618115,host_associated,p__Pseudomonadota
s__Blautia_A_faecis--RS_GCF_020554845.1,26051,16104,14092,0.5409389274883881,0.6181720471383056,host_associated,p__Bacillota_A
s__Acetatifactor_intestinalis--RS_GCF_009695995.1,19531,11806,10376,0.5312580001024013,0.6044749372791972,host_associated,p__Bacillota_A
s__Blautia_A_schinkii--RS_GCF_013304825.1,6786,5224,4753,0.7004126142057177,0.7698202180960801,host_associated,p__Bacillota_A
s__Limosilactobacillus_mucosae--RS_GCF_001436025.1,8924,5029,4586,0.5138951142985209,0.5635365307037203,host_associated,p__Bacillota
s__Bacteroides_eggerthii--GB_GCA_025146565.1,17606,13074,10587,0.601329092354879,0.7425877541747131,host_associated,p__Bacteroidota
s__Megamonas_funiformis--RS_GCF_010669225.1,14167,7822,7107,0.5016587844991882,0.5521281852191713,host_associated,p__Bacillota_C
s__Pseudomonas_E_shahriarae--RS_GCF_014268455.2,11452,9093,7891,0.6890499476074048,0.7940097799511002,host_associated,p__Pseudomonadota
s__GCA-2718595_sp002718595--GB_GCA_002718595.1,3321,2203,2138,0.6437819933754894,0.663354411321891,free_living,p__Gemmatimonadota
s__Aliarcobacter_thereius--RS_GCF_004214815.1,3363,2392,2221,0.6604222420457925,0.7112696996729111,host_associated,p__Campylobacterota
s__Bradyrhizobium_diazoefficiens--RS_GCF_000011365.1,17339,12711,10612,0.6120306822769479,0.7330872599342523,host_associated,p__Pseudomonadota
s__Neisseria_mucosa_A--RS_GCF_003044445.1,5282,3443,3110,0.5887921241953805,0.651836425596365,host_associated,p__Pseudomonadota
s__Haemophilus_influenzae_G--GB_GCA_923172585.1,2757,2168,2068,0.7500906782734856,0.7863619876677548,host_associated,p__Pseudomonadota
s__Campylobacter_D_helveticus--RS_GCF_002080395.1,4227,2489,2187,0.517388218594748,0.5888336881949373,host_associated,p__Campylobacterota
s__Tenacibaculum_finnmarkense_A--RS_GCF_900239185.1,6554,3998,3331,0.5082392432102533,0.6100091547146781,host_associated,p__Bacteroidota
s__Staphylococcus_epidermidis--RS_GCF_006742205.1,53672,16489,14402,0.26833358175585037,0.30721791623192723,host_associated,p__Bacillota
s__Streptomyces_althioticus--GB_GCA_014649355.1,13669,10367,8717,0.6377203892018436,0.7584314873070451,free_living,p__Actinomycetota
s__Pseudoruminococcus_massiliensis--RS_GCF_900291955.1,5744,3629,3186,0.5546657381615598,0.6317896935933147,host_associated,p__Bacillota_A
s__Cryptobacteroides_sp900320185--GB_GCA_900320185.1,4620,2738,2549,0.5517316017316017,0.5926406926406926,host_associated,p__Bacteroidota
s__UBA3064_sp002359635--GB_GCA_002359635.1,15897,7142,6888,0.4332892998678996,0.4492671573252815,free_living,p__Pseudomonadota
s__Thalassolituus_oleivorans--RS_GCF_000355675.1,8284,5722,5189,0.6263882182520522,0.6907291163689039,free_living,p__Pseudomonadota
s__UBA10103_sp943356775--GB_GCA_943356775.1,1577,710,699,0.44324667089410275,0.45022194039315155,free_living,p__Patescibacteria
s__Escherichia_albertii--RS_GCF_000759775.1,30224,16125,13895,0.45973398623610373,0.5335164107993647,host_associated,p__Pseudomonadota
s__Mycobacterium_abscessus--RS_GCF_000069185.1,79402,29382,23147,0.29151658648396767,0.37004105690032996,host_associated,p__Actinomycetota
s__Mammaliicoccus_vitulinus--RS_GCF_002902265.1,5625,3998,3612,0.6421333333333333,0.7107555555555556,host_associated,p__Bacillota
s__Haematospirillum_jordaniae--RS_GCF_001611975.1,2579,1941,1853,0.7184955409073284,0.7526172935246219,host_associated,p__Pseudomonadota
s__Campylobacter_B_sputorum--RS_GCF_008245005.1,2320,1882,1725,0.7435344827586207,0.8112068965517242,host_associated,p__Campylobacterota
s__Bacillus_A_mobilis--RS_GCF_001884045.1,18477,11408,9902,0.5359095091194458,0.6174162472262813,host_associated,p__Bacillota
s__CAG-841_sp900544285--GB_GCA_900544285.1,3254,2195,2022,0.6213890596189305,0.6745543945912723,host_associated,p__Bacillota_A
s__Bacteroides_xylanisolvens--RS_GCF_000210075.1,53320,31898,26753,0.5017441860465116,0.5982370592648162,host_associated,p__Bacteroidota
s__Fusobacterium_polymorphum--RS_GCF_001457555.1,10725,6874,5566,0.518974358974359,0.6409324009324009,host_associated,p__Fusobacteriota
s__Haemophilus_A_parahaemolyticus--RS_GCF_002015035.1,3960,2887,2730,0.6893939393939394,0.729040404040404,host_associated,p__Pseudomonadota
s__Weissella_confusa--GB_GCA_001436895.1,10881,5246,4730,0.4347026927672089,0.4821248047054499,host_associated,p__Bacillota
s__JADJJR01_sp016706425--GB_GCA_016706425.1,5018,2075,2015,0.4015544041450777,0.41351135910721404,free_living,p__Elusimicrobiota
s__Curtobacterium_sp003234365--RS_GCF_003234365.1,9269,5795,5317,0.573632538569425,0.625202287193872,host_associated,p__Actinomycetota
s__Pseudomonas_E_fluorescens_E--RS_GCF_001307155.1,10861,7529,6739,0.6204769358254304,0.6932142528312311,free_living,p__Pseudomonadota
s__Pseudomonas_E_gingeri_A--RS_GCF_013385635.1,9556,7615,7051,0.7378610297195479,0.79688154039347,host_associated,p__Pseudomonadota
s__Agrobacterium_sp900468285--GB_GCA_900468285.1,7431,5982,5447,0.7330103619970394,0.8050060557125555,host_associated,p__Pseudomonadota
s__RAAP-2_sp003138815--GB_GCA_003138815.1,6272,3425,3300,0.5261479591836735,0.5460778061224489,free_living,p__Actinomycetota
s__Acidilobus_sp000495735--GB_GCA_000495735.1,3623,1883,1673,0.46177201214463154,0.5197350262213635,free_living,p__Thermoproteota
s__Butyribacter_huaianensis--RS_GCF_014384985.1,6821,4245,3923,0.5751356106142794,0.6223427649904706,host_associated,p__Bacillota_A
s__Treponema_D_sp900316905--GB_GCA_900316905.1,9001,4550,4094,0.4548383512943006,0.5054993889567826,host_associated,p__Spirochaetota
s__KS41_sp903917345--GB_GCA_903917345.1,5457,3459,3289,0.6027121128825362,0.6338647608576141,free_living,p__Pseudomonadota
s__Acinetobacter_seifertii--RS_GCF_000368065.1,22450,13516,10474,0.46654788418708243,0.6020489977728285,host_associated,p__Pseudomonadota
s__Staphylococcus_arlettae--RS_GCF_002902345.1,9229,5587,5002,0.5419872142160581,0.6053743634196554,host_associated,p__Bacillota
s__Bordetella_trematum--RS_GCF_900078335.1,6412,5347,4996,0.7791640673736744,0.8339051777916406,host_associated,p__Pseudomonadota
s__Pandoraea_apista--RS_GCF_001465595.2,8460,6397,5923,0.7001182033096927,0.7561465721040189,host_associated,p__Pseudomonadota
s__Campylobacter_fetus--RS_GCF_900475935.1,7058,3609,3216,0.45565315953527913,0.5113346557098328,host_associated,p__Campylobacterota
s__Loigolactobacillus_coryniformis--RS_GCF_002706425.1,6928,4396,4065,0.5867494226327945,0.6345265588914549,free_living,p__Bacillota
s__Vibrio_jasicida--RS_GCF_000400365.1,12690,9368,7770,0.6122931442080378,0.7382190701339637,free_living,p__Pseudomonadota
s__Plantibacter_cousiniae--RS_GCF_003856975.1,7388,5301,4834,0.6543042772062805,0.7175148890092041,host_associated,p__Actinomycetota
s__Cryptobacteroides_sp000434935--GB_GCA_000434935.1,9392,5325,4800,0.5110732538330494,0.5669718909710392,host_associated,p__Bacteroidota
s__Alteromonas_australica--RS_GCF_000730385.1,13968,8552,7889,0.564790950744559,0.6122565864833907,free_living,p__Pseudomonadota
s__Treponema_D_sp002449305--GB_GCA_002449305.1,5707,3498,3164,0.554406868757666,0.6129314876467497,host_associated,p__Spirochaetota
s__Thalassospira_sp001613795--RS_GCF_001613795.1,7009,5223,4944,0.7053787986874019,0.7451847624482808,free_living,p__Pseudomonadota
s__Stenotrophomonas_acidaminiphila--RS_GCF_001431595.1,7934,5505,4920,0.620115956642299,0.6938492563650114,free_living,p__Pseudomonadota
s__Thalassospira_xiamenensis--RS_GCF_000300235.2,11241,7002,6586,0.5858909349701984,0.622898318654924,free_living,p__Pseudomonadota
s__Hydrogenophaga_aromaticivorans--RS_GCF_013387465.1,12834,9022,8431,0.6569269128876422,0.7029764687548699,free_living,p__Pseudomonadota
s__Anaplasma_phagocytophilum--RS_GCF_000964685.1,5748,1339,1318,0.22929714683368127,0.23295059151009045,host_associated,p__Pseudomonadota
s__Rhodococcus_fascians--RS_GCF_001894785.1,17156,11656,10119,0.5898228025180695,0.6794124504546515,host_associated,p__Actinomycetota
s__Myxococcus_xanthus--RS_GCF_900106535.1,9799,7560,6468,0.6600673538116134,0.7715072966629248,free_living,p__Myxococcota
s__Burkholderia_sp001522585--RS_GCF_001522585.2,16497,12731,11420,0.6922470752257986,0.77171606958841,free_living,p__Pseudomonadota
s__Fusobacterium_A_sp018205345--RS_GCF_018205345.1,2502,2109,1934,0.7729816147082335,0.842925659472422,host_associated,p__Fusobacteriota
s__Halomonas_litopenaei_A--RS_GCF_017303055.1,5492,4540,4257,0.7751274581209031,0.8266569555717407,free_living,p__Pseudomonadota
s__Pectobacterium_brasiliense--RS_GCF_000754695.1,21100,12679,10425,0.4940758293838863,0.6009004739336493,host_associated,p__Pseudomonadota
s__Collinsella_sp002232035--RS_GCF_002232035.1,7992,4917,4479,0.5604354354354354,0.6152402402402403,host_associated,p__Actinomycetota
s__Limimorpha_sp900769945--GB_GCA_900769945.1,5963,3216,2943,0.49354351836323995,0.5393258426966292,host_associated,p__Bacteroidota
s__MED-G14_sp902587325--GB_GCA_902587325.1,2631,2045,1953,0.74230330672748,0.7772709996199164,free_living,p__Bacteroidota
s__Brevibacterium_luteolum--RS_GCF_013004595.1,5608,4128,3826,0.6822396576319544,0.7360912981455064,host_associated,p__Actinomycetota
s__Lacticaseibacillus_casei--RS_GCF_000829055.1,5087,3886,3420,0.6723019461372125,0.763908000786318,host_associated,p__Bacillota
s__Proteus_cibarius--RS_GCF_011045835.1,9733,6779,5764,0.5922120620569198,0.6964964553580603,host_associated,p__Pseudomonadota
s__Aerococcus_urinae--RS_GCF_001543175.1,2122,1758,1713,0.8072573044297833,0.8284637134778511,host_associated,p__Bacillota
s__Curtobacterium_flaccumfaciens_A--RS_GCF_000349565.1,5716,3837,3494,0.6112666200139958,0.6712736179146256,host_associated,p__Actinomycetota
s__Butyricimonas_paravirosa--RS_GCF_011927845.1,12756,8430,7551,0.5919567262464722,0.660865475070555,host_associated,p__Bacteroidota
s__CAG-103_sp000432375--GB_GCA_000432375.1,6503,3792,3528,0.542518837459634,0.5831154851606951,host_associated,p__Bacillota_A
s__Leeuwenhoekiella_blandensis--RS_GCF_000152985.1,8336,5913,5169,0.6200815738963532,0.7093330134357005,free_living,p__Bacteroidota
s__HIMB11_sp003486095--GB_GCA_017852835.1,14049,7032,6830,0.4861555982632216,0.5005338458253257,free_living,p__Pseudomonadota
s__JADFRG01_sp022561385--GB_GCA_022561385.1,5511,2834,2716,0.4928325167846126,0.514244238795137,free_living,p__Chloroflexota
s__Pseudomonas_E_sp900156465--RS_GCF_900156465.1,6421,5847,5312,0.8272854695530292,0.9106058246379068,free_living,p__Pseudomonadota
s__Ruegeria_atlantica_A--RS_GCF_013032005.1,6300,5244,4797,0.7614285714285715,0.8323809523809523,host_associated,p__Pseudomonadota
s__Bog-38_sp003162175--GB_GCA_003162175.1,11373,3531,3421,0.30080014068407634,0.31047217093115276,free_living,p__Halobacteriota
s__Sinorhizobium_meliloti--RS_GCF_017876815.1,58199,29393,25755,0.4425333768621454,0.5050430419766663,host_associated,p__Pseudomonadota
s__Faecalibacillus_intestinalis--RS_GCF_003024685.1,18560,9783,8764,0.472198275862069,0.5271012931034482,host_associated,p__Bacillota
s__Tidjanibacter_inops--RS_GCF_900104605.1,6965,4040,3594,0.5160086145010768,0.5800430725053841,host_associated,p__Bacteroidota
s__Pediococcus_acidilactici--RS_GCF_000146325.1,10136,6001,5525,0.54508681925809,0.5920481452249408,host_associated,p__Bacillota
s__Tateyamaria_sp003445215--GB_GCA_905480645.1,8845,5717,5436,0.6145845110231769,0.6463538722442058,free_living,p__Pseudomonadota
s__Corynebacterium_amycolatum_A--RS_GCF_000173655.1,6235,3934,3473,0.5570168404170008,0.6309542902967121,host_associated,p__Actinomycetota
s__Brevundimonas_diminuta_B--GB_GCA_000318405.1,9141,5912,5338,0.5839623673558691,0.6467563723881413,host_associated,p__Pseudomonadota
s__UBA8515_sp000991405--GB_GCA_000991405.1,1408,674,640,0.45454545454545453,0.4786931818181818,free_living,p__Patescibacteria
s__Listeria_monocytogenes--RS_GCF_900187225.1,32150,13340,11829,0.36793157076205285,0.4149300155520995,host_associated,p__Bacillota
s__Peribacillus_butanolivorans--RS_GCF_001273755.1,12107,8191,7320,0.6046089039398695,0.6765507557611299,free_living,p__Bacillota
s__Xylella_taiwanensis--RS_GCF_013177435.1,3194,1990,1884,0.5898559799624296,0.6230432060112712,host_associated,p__Pseudomonadota
s__Phocaeicola_dorei--RS_GCF_013009555.1,38036,24917,20493,0.5387790514249658,0.6550899148175413,host_associated,p__Bacteroidota
s__CAIQIQ01_sp903871935--GB_GCA_903871935.1,10490,4649,4390,0.4184938036224976,0.44318398474737847,free_living,p__Planctomycetota
s__Bacteroides_ovatus--RS_GCF_001314995.1,53823,32981,27198,0.5053230031770805,0.6127677758579047,host_associated,p__Bacteroidota
s__Streptococcus_equinus_B--RS_GCF_900101445.1,3442,2727,2496,0.7251597908192912,0.7922719349215572,host_associated,p__Bacillota
s__Paraclostridium_sordellii--RS_GCF_000953675.1,15176,8440,7310,0.481681602530311,0.5561412756984713,host_associated,p__Bacillota_A
s__Nitrosopumilus_limneticus--GB_GCA_022117465.1,4107,2236,1851,0.45069393718042366,0.544436328220112,free_living,p__Thermoproteota
s__OLB10_sp001567275--GB_GCA_001567275.1,4911,3152,2930,0.5966198330278966,0.6418244756668703,free_living,p__Bacteroidota
s__Streptococcus_cristatus--RS_GCF_000222765.1,4415,3313,2768,0.6269535673839185,0.75039637599094,host_associated,p__Bacillota
s__Psychrobacter_okhotskensis--RS_GCF_013248965.1,6501,4706,4292,0.6602061221350561,0.7238886325180741,host_associated,p__Pseudomonadota
s__Acinetobacter_lwoffii--RS_GCF_000487975.1,5149,4345,3621,0.7032433482229559,0.843853175373859,host_associated,p__Pseudomonadota
s__Mycobacterium_sp003165155--GB_GCA_003165155.1,17071,8936,8384,0.49112530021674183,0.5234608400210884,free_living,p__Actinomycetota
s__RUG306_sp900316075--GB_GCA_900316075.1,5697,3257,3102,0.5444971037388099,0.5717044058276286,host_associated,p__Bacillota_A
s__Polynucleobacter_paneuropaeus--RS_GCF_003261235.1,7904,4843,4555,0.5762904858299596,0.6127277327935222,free_living,p__Pseudomonadota
s__Marinobacter_salsuginis--RS_GCF_009617755.1,12275,8242,7659,0.6239511201629327,0.6714460285132383,free_living,p__Pseudomonadota
s__Rodentibacter_heylii--RS_GCF_001019715.1,4595,3358,3008,0.6546245919477693,0.7307943416757345,host_associated,p__Pseudomonadota
s__Aliarcobacter_butzleri--RS_GCF_900187115.1,15431,8219,7329,0.47495301665478584,0.5326291231935714,host_associated,p__Campylobacterota
s__B13-G4_sp013792055--GB_GCA_013792055.1,6333,3728,3447,0.5442918048318333,0.5886625611874309,free_living,p__Desulfobacterota
s__Helicobacter_pylori_C--RS_GCF_000277405.1,32708,9322,8062,0.24648404060168766,0.2850067261831968,host_associated,p__Campylobacterota
s__Senegalimassilia_anaerobia--RS_GCF_000236865.1,5420,3410,3119,0.5754612546125462,0.6291512915129152,host_associated,p__Actinomycetota
s__Butyricimonas_faecalis--RS_GCF_003991565.1,8663,5987,5240,0.6048712917003347,0.6911000808034168,host_associated,p__Bacteroidota
s__Ruminococcus_B_gnavus--RS_GCF_008121495.1,30167,19093,16697,0.5534855968442338,0.6329101335896841,host_associated,p__Bacillota_A
s__Xanthomonas_hortorum--RS_GCF_002939985.1,12513,7274,6493,0.5189003436426117,0.5813154319507712,host_associated,p__Pseudomonadota
s__Pseudomonas_E_sp003014915--RS_GCF_003852315.1,10057,8191,7261,0.7219846872824898,0.8144575917271553,host_associated,p__Pseudomonadota
s__Helicobacter_E_felis--RS_GCF_000200595.1,3601,1830,1716,0.47653429602888087,0.5081921688419884,host_associated,p__Campylobacterota
s__Vibrio_splendidus--GB_GCA_024347615.1,32307,19685,16277,0.5038227009626397,0.6093106757049556,free_living,p__Pseudomonadota
s__Eubacterium_R_sp900539325--GB_GCA_900539325.1,4831,3007,2774,0.5742082384599462,0.6224384185468848,host_associated,p__Bacillota_A
s__Anaerobutyricum_hallii--RS_GCF_000173975.1,21825,13497,11705,0.53631156930126,0.6184192439862543,host_associated,p__Bacillota_A
s__Prevotella_histicola--RS_GCF_000613925.1,7995,4640,3990,0.49906191369606,0.5803627267041901,host_associated,p__Bacteroidota
s__Lactococcus_garvieae--RS_GCF_000739975.1,8881,5222,4490,0.505573696655782,0.5879968472018917,host_associated,p__Bacillota
s__Mogibacterium_diversum--RS_GCF_002998925.1,5829,3243,3003,0.5151827071538857,0.5563561502830674,host_associated,p__Bacillota_A
s__Corynebacterium_diphtheriae--RS_GCF_001457455.1,15232,5993,5152,0.3382352941176471,0.3934480042016807,host_associated,p__Actinomycetota
s__Ornithospirochaeta_sp002452215--GB_GCA_002452215.1,4386,2590,2480,0.5654354765161879,0.590515275877793,host_associated,p__Spirochaetota
s__Enterobacter_asburiae_B--RS_GCF_007035645.1,23906,15893,13197,0.5520371454864887,0.6648121810424161,host_associated,p__Pseudomonadota
s__UBA8498_sp000503835--GB_GCA_000503835.1,1141,568,559,0.4899211218229623,0.49780893952673094,free_living,p__Patescibacteria
s__Dickeya_fangzhongdai--RS_GCF_002812485.1,7326,6208,5662,0.7728637728637728,0.8473928473928474,host_associated,p__Pseudomonadota
s__Thioalkalivibrio_versutus--RS_GCF_001999325.1,5209,4273,3962,0.7606066423497793,0.8203110001919754,free_living,p__Pseudomonadota
s__Pseudomonas_E_congelans--RS_GCF_900103225.1,9527,7127,6336,0.6650572058360449,0.7480843917287708,host_associated,p__Pseudomonadota
s__Photobacterium_iliopiscarium--RS_GCF_003026395.1,7237,5188,4704,0.6499930910598314,0.7168716318916678,host_associated,p__Pseudomonadota
s__Thomasclavelia_ramosa--RS_GCF_014131695.1,22834,10817,9613,0.4209950074450381,0.4737233949373741,host_associated,p__Bacillota
s__Sutterella_wadsworthensis--RS_GCF_003315195.1,10962,5366,4901,0.4470899470899471,0.48950921364714467,host_associated,p__Pseudomonadota
s__Prevotella_sp002265625--RS_GCF_002265625.1,16245,8455,7319,0.4505386272699292,0.52046783625731,host_associated,p__Bacteroidota
s__D2472_sp002358345--GB_GCA_002358345.1,5561,2908,2871,0.516274051429599,0.5229275310196008,free_living,p__Pseudomonadota
s__MAG-120802_sp002347935--GB_GCA_002347935.1,6216,3141,3099,0.4985521235521235,0.5053088803088803,free_living,p__Actinomycetota
s__OLB16_sp001567115--GB_GCA_001567115.1,8524,3435,3320,0.38948850305021115,0.40297982167996244,free_living,p__OLB16
s__Yersinia_kristensenii--RS_GCF_900460525.1,10056,7709,6625,0.6588106603023071,0.766607000795545,host_associated,p__Pseudomonadota
s__Planktophila_sp009698815--GB_GCA_009698815.1,2141,1658,1635,0.76366184026156,0.7744044838860346,free_living,p__Actinomycetota
s__Ochrobactrum_intermedium--RS_GCF_000182645.1,23243,13691,12090,0.5201566062900659,0.5890375596953922,host_associated,p__Pseudomonadota
s__Muribaculum_intestinale--RS_GCF_002201515.1,7185,4394,3920,0.5455810716771051,0.6115518441196938,host_associated,p__Bacteroidota
s__IGN2_sp013285405--GB_GCA_013285405.1,7816,4197,3922,0.5017911975435005,0.5369754350051177,free_living,p__Bacteroidota
s__Desulfovibrio_legallii--RS_GCF_004309735.1,4466,3054,2753,0.6164352888490819,0.683833407971339,host_associated,p__Desulfobacterota
s__Holdemanella_sp900556915--RS_GCF_024460475.1,12484,7090,6403,0.5128965075296379,0.5679269464915091,host_associated,p__Bacillota
s__Prochlorococcus_A_sp000634515--GB_GCA_000634515.1,4603,3161,2893,0.6285031501194873,0.6867260482294156,free_living,p__Cyanobacteriota
s__Jezberella_montanilacus--RS_GCF_003003055.1,6602,4544,4345,0.6581338988185398,0.6882762799151773,free_living,p__Pseudomonadota
s__Methylovulum_sp903945375--GB_GCA_903945375.1,7563,4371,4058,0.5365595663096655,0.5779452598175328,free_living,p__Pseudomonadota
s__Mycoplasmopsis_bovis--RS_GCF_000183385.1,18363,2205,1954,0.1064096280564178,0.12007841855905897,host_associated,p__Bacillota
s__Treponema_B_denticola--RS_GCF_000008185.1,6677,4530,3717,0.5566871349408417,0.678448404972293,host_associated,p__Spirochaetota
s__GCA-002708315_sp018661505--GB_GCA_018661505.1,3912,2718,2595,0.6633435582822086,0.6947852760736196,free_living,p__Bacteroidota
s__Rhizobium_ruizarguesonis--RS_GCF_012349115.1,17993,13300,11543,0.641527260601345,0.7391763463569165,host_associated,p__Pseudomonadota
s__Leptospira_weilii--RS_GCF_006874765.1,9034,2939,2716,0.3006420190391853,0.32532654416648216,host_associated,p__Spirochaetota
s__UBA9732_sp902781545--GB_GCA_902781545.1,7526,4100,3962,0.5264416688812118,0.5447781025777305,host_associated,p__Spirochaetota
s__Prevotella_sp945863825--GB_GCA_945863825.1,12712,7191,6417,0.5047986154814349,0.5656859660163625,host_associated,p__Bacteroidota
s__Prevotella_copri_A--RS_GCF_002224675.1,31287,13905,12525,0.4003260139994247,0.4444337903921757,host_associated,p__Bacteroidota
s__RAAP-2_sp003160115--GB_GCA_003160115.1,6229,3362,3257,0.5228768662706694,0.5397335045753733,free_living,p__Actinomycetota
s__Thioglobus_A_sp018644675--GB_GCA_018644675.1,3596,2380,2309,0.6421023359288098,0.6618464961067854,free_living,p__Pseudomonadota
s__Klebsiella_michiganensis--RS_GCF_002925905.1,61735,32532,27005,0.4374341945411841,0.5269620150643881,host_associated,p__Pseudomonadota
s__CAIYLH01_sp903884235--GB_GCA_903884235.1,8574,5234,5073,0.5916724982505248,0.6104501982738512,free_living,p__Pseudomonadota
s__Lacunisphaera_sp903856725--GB_GCA_903856725.1,6470,3497,3338,0.515919629057187,0.5404945904173106,free_living,p__Verrucomicrobiota
s__Synechococcus_D_lacustris_A--GB_GCA_903943975.1,6231,3609,3334,0.5350666024715134,0.5792007703418391,free_living,p__Cyanobacteriota
s__UBA1413_sp002304925--GB_GCA_002304925.1,5665,3413,3261,0.5756398940864961,0.6024713150926743,free_living,p__Bacteroidota
s__UBA10364_sp003045825--GB_GCA_003045825.1,6268,3267,3124,0.49840459476707083,0.5212188895979579,free_living,p__Bacteroidota
s__UBA9655_sp001767835--GB_GCA_001767835.1,2721,1602,1552,0.5703785373024624,0.5887541345093715,free_living,p__Pseudomonadota
s__Lactobacillus_jensenii--RS_GCF_001436455.1,5415,3138,2952,0.5451523545706372,0.5795013850415512,host_associated,p__Bacillota
s__Clostridium_G_tetani--RS_GCF_900167265.1,5840,4156,3613,0.6186643835616439,0.7116438356164384,host_associated,p__Bacillota_A
s__Enterococcus_B_faecium--RS_GCF_001544255.1,75395,29195,25520,0.33848398434909477,0.38722726971284566,host_associated,p__Bacillota
s__Eisenbergiella_sp900066775--GB_GCA_003481005.1,10261,6966,6220,0.6061787350160803,0.6788812006627034,host_associated,p__Bacillota_A
s__UBA5216_sp903893565--GB_GCA_903893565.1,11437,6337,6047,0.5287225671067588,0.5540788668357086,free_living,p__Pseudomonadota
s__Amylibacter_sp000153745--GB_GCA_000153745.1,5807,3953,3852,0.663337351472361,0.6807301532633029,free_living,p__Pseudomonadota
s__Streptococcus_oralis_S--RS_GCF_002386345.1,6515,4378,3480,0.5341519570222564,0.6719877206446662,host_associated,p__Bacillota
s__Rhodococcus_kroppenstedtii--RS_GCF_900111805.1,6318,4745,4296,0.6799620132953467,0.7510288065843621,host_associated,p__Actinomycetota
s__Helicobacter_pylori--RS_GCF_900478295.1,45881,13395,11538,0.2514766461062313,0.291950916501384,host_associated,p__Campylobacterota
s__Anoxybacillus_flavithermus--GB_GCA_002243705.1,5498,4371,3920,0.7129865405602037,0.7950163695889414,free_living,p__Bacillota
s__Rubrivivax_sp016709385--GB_GCA_016709385.1,10412,6486,6124,0.5881674990395698,0.6229350749135613,free_living,p__Pseudomonadota
s__Paenarthrobacter_nicotinovorans--RS_GCF_021919345.1,7046,5565,5056,0.7175702526256031,0.7898098211751349,free_living,p__Actinomycetota
s__Staphylococcus_aureus--RS_GCF_001027105.1,147914,37977,35151,0.23764484768176103,0.2567505442351637,host_associated,p__Bacillota
s__CAG-177_sp003538135--GB_GCA_003538135.1,6820,3873,3580,0.5249266862170088,0.5678885630498534,host_associated,p__Bacillota_A
s__CAIYLH01_sp903879335--GB_GCA_903879335.1,5369,3565,3487,0.6494691748929037,0.6639970199292233,free_living,p__Pseudomonadota
s__MGIIb-O3_sp002503285--GB_GCA_002503285.1,2720,1154,1120,0.4117647058823529,0.42426470588235293,free_living,p__Thermoplasmatota
s__Scatocola_faecipullorum--GB_GCA_001917125.1,3645,1810,1628,0.446639231824417,0.49657064471879286,host_associated,p__Pseudomonadota
s__Prevotella_sp000436915--GB_GCA_000436915.1,8006,4549,4172,0.5211091681239071,0.5681988508618536,host_associated,p__Bacteroidota
s__CAG-485_sp002361235--GB_GCA_002361235.1,3508,2456,2255,0.6428164196123147,0.7001140250855188,host_associated,p__Bacteroidota
s__Capnocytophaga_ochracea--RS_GCF_000023285.1,6348,4214,3302,0.5201638311279143,0.6638311279143038,host_associated,p__Bacteroidota
s__GCA-2700405_sp018657955--GB_GCA_018657955.1,2838,2128,2025,0.7135306553911205,0.7498238195912614,free_living,p__Bacteroidota
s__Stenotrophomonas_maltophilia_Q--RS_GCF_002799165.1,7837,5724,5040,0.6431032282761261,0.7303815235421718,host_associated,p__Pseudomonadota
s__Enterobacter_cloacae_M--RS_GCF_002208095.1,28829,18306,14979,0.5195809774879462,0.6349856047729716,host_associated,p__Pseudomonadota
s__GCA-000496135_sp000496135--GB_GCA_000496135.1,6373,2996,2817,0.4420210262042994,0.4701082692609446,free_living,p__Thermoplasmatota
s__Treponema_D_sp002437725--GB_GCA_002437725.1,4305,2826,2527,0.5869918699186992,0.6564459930313589,host_associated,p__Spirochaetota
s__UBA4657_sp002405475--GB_GCA_002405475.1,6862,4286,4006,0.5837948120081609,0.6245992422034392,free_living,p__Pseudomonadota
s__Providencia_rettgeri--GB_GCA_900455085.1,12997,9311,7870,0.6055243517734862,0.716396091405709,host_associated,p__Pseudomonadota
s__Micromonospora_arenicola--RS_GCF_006716065.1,13799,8040,7004,0.5075730125371404,0.5826509167330965,free_living,p__Actinomycetota
s__DMER64_sp002071385--GB_GCA_002071385.1,4614,2780,2670,0.5786736020806242,0.6025140875596012,free_living,p__Bacteroidota
s__Staphylococcus_cohnii--RS_GCF_002902365.1,12518,6531,5818,0.46477073014858605,0.5217287106566544,host_associated,p__Bacillota
s__Mesoplasma_florum--RS_GCF_000008305.1,1138,829,760,0.6678383128295254,0.7284710017574693,host_associated,p__Bacillota
s__Rhizobium_anhuiense--RS_GCF_003985145.1,13293,10973,9613,0.7231625667644624,0.8254720529602046,host_associated,p__Pseudomonadota
s__Pseudomonas_E_lurida--RS_GCF_002563895.1,9153,7714,6903,0.7541789577187807,0.842783786736589,host_associated,p__Pseudomonadota
s__Pseudomonas_E_sp003852235--RS_GCF_003852235.1,8077,6883,6140,0.76018323635013,0.8521728364491766,host_associated,p__Pseudomonadota
s__Corallococcus_exiguus--RS_GCF_009909105.1,20403,11652,9799,0.48027250894476303,0.571092486399059,free_living,p__Myxococcota
s__Prevotella_sp900315775--GB_GCA_900315775.1,9222,4681,4403,0.4774452396443288,0.5075905443504662,host_associated,p__Bacteroidota
s__UBA954_sp002293155--GB_GCA_002293155.1,6726,3793,3739,0.5559024680344931,0.563931013975617,free_living,p__Pseudomonadota
s__Prevotella_oris--RS_GCF_900637655.1,6647,4340,3791,0.5703324808184144,0.6529261320896645,host_associated,p__Bacteroidota
s__Pseudomonas_E_putida--RS_GCF_000412675.1,19271,13614,11868,0.6158476467230554,0.7064501063774583,host_associated,p__Pseudomonadota
s__Taylorella_equigenitalis--RS_GCF_000276685.1,2048,1596,1543,0.75341796875,0.779296875,host_associated,p__Pseudomonadota
s__UBA4572_sp002387725--GB_GCA_002387725.1,5539,2535,2457,0.44358187398447374,0.4576638382379491,free_living,p__Nitrospirota_A
s__JACNJF01_sp018669845--GB_GCA_018669845.1,7474,4865,4595,0.6147979662831148,0.6509232004281509,free_living,p__Pseudomonadota
s__ELB16-189_sp020403045--GB_GCA_020403045.1,7726,4558,4169,0.539606523427388,0.5899559927517474,free_living,p__Bacteroidota
s__Bradyrhizobium_elkanii--RS_GCF_023278185.1,25910,17132,14451,0.5577383249710537,0.6612118873021999,host_associated,p__Pseudomonadota
s__Chlamydophila_psittaci--RS_GCF_000204255.1,2471,1107,1062,0.42978551193848646,0.4479967624443545,host_associated,p__Chlamydiota
s__Bartonella_A_apis_A--RS_GCF_002007485.1,3377,2462,2318,0.6864080544862304,0.729049452176488,host_associated,p__Pseudomonadota
s__Bifidobacterium_adolescentis--RS_GCF_000010425.1,17451,8601,7298,0.4181995301128875,0.492865738353103,host_associated,p__Actinomycetota
s__Akkermansia_sp004167605--RS_GCF_004167605.1,7588,4171,3741,0.4930152872957301,0.5496837111228255,host_associated,p__Verrucomicrobiota
s__Cryptobacteroides_sp900318955--GB_GCA_900318955.1,5735,3146,2944,0.5133391455972102,0.5485614646904969,host_associated,p__Bacteroidota
s__Prevotella_sp002251295--RS_GCF_002251295.1,9291,5151,4650,0.5004843396835648,0.5544074911204392,host_associated,p__Bacteroidota
s__Cryptobacteroides_sp902761655--GB_GCA_902761655.1,7565,4022,3906,0.5163251817580965,0.5316589557171183,host_associated,p__Bacteroidota
s__Intestinibaculum_porci--RS_GCF_003925875.1,9883,5236,4891,0.4948902155216027,0.5297986441363959,host_associated,p__Bacillota
s__Treponema_D_sp002373205--GB_GCA_002373205.1,12482,5264,4787,0.3835122576510175,0.42172728729370296,host_associated,p__Spirochaetota
s__UBA1066_sp900317045--GB_GCA_019355395.1,6555,4076,3872,0.5906941266209,0.621815408085431,host_associated,p__Bacillota_A
s__SXMI01_sp903852755--GB_GCA_903852755.1,6382,3392,3283,0.5144155437167033,0.5314948292071451,free_living,p__Actinomycetota
s__Mxb001_sp903954205--GB_GCA_903954205.1,9781,4944,4808,0.49156527962376034,0.5054697883651978,free_living,p__Actinomycetota
s__CAG-841_sp000437375--GB_GCA_000437375.1,3304,2159,2015,0.6098668280871671,0.6534503631961259,host_associated,p__Bacillota_A
s__Corynebacterium_accolens--RS_GCF_023520795.1,4102,3158,2711,0.6608971233544613,0.7698683568990736,host_associated,p__Actinomycetota
s__UMGS1668_sp004556975--GB_GCA_004556975.1,3749,2248,2120,0.5654841291010936,0.5996265670845559,host_associated,p__Bacillota_A
s__OLB8_sp001567405--GB_GCA_013414645.1,6272,3300,3096,0.49362244897959184,0.5261479591836735,free_living,p__Bacteroidota
s__GCA-2722105_sp018674095--GB_GCA_018674095.1,5063,2572,2502,0.49417341497136086,0.5079992099545724,free_living,p__Marinisomatota
s__Microcoleus_sp004293365--GB_GCA_004293365.1,11950,6845,5916,0.49506276150627615,0.5728033472803348,free_living,p__Cyanobacteriota
s__Nanopelagicus_sp001437855--GB_GCA_001437855.1,3519,2204,2174,0.6177891446433645,0.6263142938334754,free_living,p__Actinomycetota
s__Mesorhizobium_sp003952425--RS_GCF_003952425.1,36082,18937,17541,0.4861426750180145,0.5248323263677179,host_associated,p__Pseudomonadota
s__Porphyromonas_A_levii--RS_GCF_000379925.1,4476,3021,2729,0.6096961572832886,0.6749329758713136,host_associated,p__Bacteroidota
s__Duncaniella_muris--RS_GCF_003024805.1,7606,4686,4035,0.5305022350775703,0.6160925585064423,host_associated,p__Bacteroidota
s__Enterocola_sp900316995--GB_GCA_900316995.1,5242,2889,2660,0.5074399084318962,0.5511255246089279,host_associated,p__Bacteroidota
s__Neisseria_flavescens_B--GB_GCA_024205745.1,6333,3870,3467,0.5474498657824096,0.6110847939365229,host_associated,p__Pseudomonadota
s__Pantoea_vagans--RS_GCF_004792415.1,10153,7967,7055,0.6948685117699203,0.7846941790603762,host_associated,p__Pseudomonadota
s__Campylobacter_A_concisus_F--RS_GCF_003048675.2,5513,3261,2696,0.4890259386903682,0.5915109740613096,host_associated,p__Campylobacterota
s__Raphidiopsis_raciborskii--RS_GCF_003367075.2,10721,5207,4746,0.44268258557970336,0.48568230575506016,free_living,p__Cyanobacteriota
s__Shewanella_xiamenensis--RS_GCF_014647135.1,14223,9431,8102,0.5696407227729734,0.6630809252618998,free_living,p__Pseudomonadota
s__Frankia_casuarinae--RS_GCF_000013345.1,8240,5409,4923,0.5974514563106796,0.6564320388349515,host_associated,p__Actinomycetota
s__Edwardsiella_piscicida--RS_GCF_001896205.1,6213,4960,4548,0.7320135200386286,0.7983260904554965,host_associated,p__Pseudomonadota
s__Burkholderia_humptydooensis--RS_GCF_001462435.1,9476,7026,6504,0.6863655550865344,0.7414520894892359,free_living,p__Pseudomonadota
s__Pseudomonas_E_fluorescens_BV--RS_GCF_001902145.1,17433,11914,10458,0.5998967475477542,0.6834165089198646,host_associated,p__Pseudomonadota
s__Pseudomonas_E_synxantha_A--RS_GCF_000263715.2,9580,7817,6891,0.7193110647181629,0.8159707724425888,free_living,p__Pseudomonadota
s__Lonsdalea_populi--RS_GCF_015999465.1,6199,4595,4443,0.7167285045975157,0.7412485884820132,host_associated,p__Pseudomonadota
s__Agathobacter_faecis--RS_GCF_001406815.1,29191,17643,15529,0.5319790346339626,0.6043986160117845,host_associated,p__Bacillota_A
s__Limnohabitans_sp903861115--GB_GCA_903861115.1,9043,5159,5024,0.5555678425301338,0.5704965166427071,free_living,p__Pseudomonadota
s__CAISPN01_sp903887375--GB_GCA_903887375.1,5822,3516,3319,0.5700790106492615,0.6039161800068705,free_living,p__Cyanobacteriota
s__CAG-177_sp003514385--GB_GCA_003514385.1,13021,6495,5829,0.44766146993318484,0.49880961523692496,host_associated,p__Bacillota_A
s__SW10_sp002420315--GB_GCA_002420315.1,10750,4482,4259,0.3961860465116279,0.41693023255813955,free_living,p__Verrucomicrobiota
s__Pseudoalteromonas_elyakovii--GB_GCA_000814665.1,8504,6189,5365,0.6308795860771401,0.7277751646284102,host_associated,p__Pseudomonadota
s__Thiodiazotropha_sp003676145--GB_GCA_003676145.1,16269,7906,7345,0.4514721249001168,0.48595488352080646,host_associated,p__Pseudomonadota
s__Photobacterium_kishitanii--RS_GCF_003026355.1,10196,6664,5929,0.5815025500196155,0.6535896429972539,host_associated,p__Pseudomonadota
s__Xanthomonas_campestris--RS_GCF_000007145.1,17902,10041,8709,0.4864819573232041,0.5608870517260641,host_associated,p__Pseudomonadota
s__Eubacterium_T_sp900766045--GB_GCA_900766045.1,2975,2179,2053,0.6900840336134454,0.732436974789916,host_associated,p__Bacillota_A
s__Clostridium_A_leptum--GB_GCA_000154345.1,7758,5256,4781,0.6162670791441093,0.6774941995359629,host_associated,p__Bacillota_A
s__Oliverpabstia_intestinalis--RS_GCF_009696065.1,17977,11609,10406,0.5788507537408911,0.6457695944818379,host_associated,p__Bacillota_A
s__UBA7748_sp900314535--GB_GCA_900314535.1,11923,6151,5803,0.4867063658475216,0.5158936509267802,host_associated,p__Actinomycetota
s__Cryptobacteroides_sp900321245--GB_GCA_902785785.1,5307,3449,3229,0.6084416807989448,0.649896363293763,host_associated,p__Bacteroidota
s__Haemophilus_D_parainfluenzae_K--RS_GCF_003252795.1,6130,4131,3876,0.632300163132137,0.6738988580750408,host_associated,p__Pseudomonadota
s__Collinsella_intestinalis--RS_GCF_000156175.1,5299,3392,3162,0.5967163615776562,0.6401207775051897,host_associated,p__Actinomycetota
s__Thalassospira_povalilytica--RS_GCF_002844235.1,7763,5544,5239,0.674867963416205,0.7141568981064021,free_living,p__Pseudomonadota
s__Aequorivita_sp002364215--GB_GCA_002364215.1,6156,4235,3662,0.5948667966211826,0.687946718648473,free_living,p__Bacteroidota
s__Burkholderia_dolosa--RS_GCF_902499135.1,8994,6962,6311,0.7016900155659328,0.7740716032910829,host_associated,p__Pseudomonadota
s__Phenylobacterium_sp020402745--GB_GCA_020402745.1,4516,3297,3125,0.6919840566873339,0.7300708591674048,free_living,p__Pseudomonadota
s__Casp-actino5_sp017859785--GB_GCA_017859785.1,4388,2734,2659,0.6059708295350957,0.6230628988149499,free_living,p__Actinomycetota
s__Gilliamella_bombi--RS_GCF_900103255.1,7776,4541,4051,0.5209619341563786,0.5839763374485597,host_associated,p__Pseudomonadota
s__Paenibacillus_amylolyticus--RS_GCF_004001025.1,10363,8208,6937,0.669400752677796,0.7920486345652803,host_associated,p__Bacillota
s__Pseudomonas_E_jessenii--RS_GCF_002236115.1,13649,10712,9580,0.7018829218257748,0.7848194006886952,free_living,p__Pseudomonadota
s__Enterobacter_asburiae_D--RS_GCF_024599655.1,7558,6554,5981,0.7913469171738555,0.867160624503837,host_associated,p__Pseudomonadota
s__Cutibacterium_avidum--RS_GCF_000227295.1,6460,3978,3629,0.5617647058823529,0.6157894736842106,host_associated,p__Actinomycetota
s__UBA738_sp003522945--GB_GCA_003522945.1,6901,4029,3803,0.5510795536878713,0.5838284306622229,host_associated,p__Bacillota_A
s__UBA11452_sp003526375--GB_GCA_003526375.1,11607,4977,4819,0.41518049452916345,0.42879296975962783,host_associated,p__Verrucomicrobiota
s__Prevotella_sp900556795--GB_GCA_900556795.1,12252,6731,6066,0.4951028403525955,0.5493796931113287,host_associated,p__Bacteroidota
s__Agathobacter_sp900552085--GB_GCA_900552085.1,11294,7005,6297,0.5575526828404462,0.62024083584204,host_associated,p__Bacillota_A
s__Ruminococcus_E_sp900100595--GB_GCA_900100595.1,13063,6308,5966,0.4567097910127842,0.48289060705810305,host_associated,p__Bacillota_A
s__Eubacterium_G_ventriosum--GB_GCA_025150745.1,15191,9462,8293,0.5459153446119412,0.6228688038970444,host_associated,p__Bacillota_A
s__Alistipes_communis--RS_GCF_006542665.1,7362,4677,4117,0.5592230372181473,0.6352893235533822,host_associated,p__Bacteroidota
s__Fusobacterium_A_mortiferum--RS_GCF_000158195.2,6022,4248,3824,0.6350049817336433,0.7054134838923946,host_associated,p__Fusobacteriota
s__Stenotrophomonas_maltophilia_F--RS_GCF_000284595.1,7446,5494,4868,0.6537738383024443,0.7378458232608112,host_associated,p__Pseudomonadota
s__Butyrivibrio_A_sp000431815--GB_GCA_000431815.1,5043,3398,3130,0.6206623041840175,0.6738052746381122,host_associated,p__Bacillota_A
s__Corynebacterium_glutamicum--RS_GCF_000011325.1,9457,5740,5083,0.5374854605054457,0.6069578090303479,free_living,p__Actinomycetota
s__TMED14_sp002381225--GB_GCA_002381225.1,4017,2105,2020,0.5028628329599203,0.5240229026636793,free_living,p__Bacteroidota
s__OLB9_sp016715245--GB_GCA_016715245.1,15742,5376,5007,0.3180663194003303,0.34150679710329057,free_living,p__Bacteroidota
s__Aliarcobacter_cryaerophilus_A--RS_GCF_014352935.1,9649,5665,5134,0.5320758627837081,0.5871074722769198,host_associated,p__Campylobacterota
s__Lactococcus_A_carnosus--RS_GCF_006770265.1,4693,3283,2987,0.6364798636266781,0.6995525250372896,host_associated,p__Bacillota
s__Haemophilus_influenzae_E--RS_GCF_019703545.1,6603,4154,3799,0.5753445403604422,0.6291079812206573,host_associated,p__Pseudomonadota
s__Brenneria_goodwinii--RS_GCF_002291445.1,5819,5044,4803,0.825399553187833,0.8668156040556797,host_associated,p__Pseudomonadota
s__Neisseria_perflava--RS_GCF_023472875.1,5832,3774,3319,0.5691015089163237,0.647119341563786,host_associated,p__Pseudomonadota
s__Leptospira_borgpetersenii--RS_GCF_003046425.1,13980,4026,3879,0.27746781115879826,0.28798283261802576,host_associated,p__Spirochaetota
s__Enterocloster_bolteae--RS_GCF_002234575.2,22822,15746,13508,0.5918850232232057,0.6899482955043379,host_associated,p__Bacillota_A
s__Alistipes_shahii--GB_GCA_025145845.1,14768,9102,7942,0.5377843986998917,0.616332611050921,host_associated,p__Bacteroidota
s__Ligilactobacillus_animalis--RS_GCF_001434535.1,3562,2782,2458,0.6900617630544638,0.781021897810219,host_associated,p__Bacillota
s__Synechococcus_D_lacustris--RS_GCF_003011125.1,11236,5196,4808,0.4279102883588466,0.46244215023139906,free_living,p__Cyanobacteriota
s__Idiomarina_abyssalis--RS_GCF_900116625.1,8087,5393,5070,0.6269321132682082,0.6668727587486089,free_living,p__Pseudomonadota
s__GCA-2722105_sp018649625--GB_GCA_018649625.1,3707,2348,2235,0.6029134070677097,0.6333962773131913,free_living,p__Marinisomatota
s__Streptococcus_agalactiae--RS_GCF_000186445.1,30596,13595,11904,0.3890704667276768,0.44433912929794744,host_associated,p__Bacillota
s__Chlamydia_muridarum--RS_GCF_000006685.1,1168,873,838,0.7174657534246576,0.747431506849315,host_associated,p__Chlamydiota
s__Mycobacterium_senegalense--RS_GCF_019645875.1,13512,9383,7965,0.5894760213143873,0.6944197750148017,host_associated,p__Actinomycetota
s__Aeribacillus_composti--RS_GCF_007827555.1,7078,5187,4801,0.6782989545069229,0.7328341339361402,free_living,p__Bacillota
s__Agrobacterium_fabacearum--RS_GCF_009649785.1,34936,22405,19331,0.5533260819784749,0.6413155484314175,host_associated,p__Pseudomonadota
s__Neisseria_sp000186165--RS_GCF_013267835.1,9143,5138,4596,0.502679645630537,0.5619599693754785,host_associated,p__Pseudomonadota
s__Copromonas_sp900066535--RS_GCF_003435375.1,15590,10091,8740,0.5606157793457345,0.6472738935214881,host_associated,p__Bacillota_A
s__Bacillus_inaquosorum--RS_GCF_000332645.1,6379,4933,4536,0.7110832418874432,0.7733187019909077,host_associated,p__Bacillota
s__Sulfitobacter_pontiacus--RS_GCF_900106935.1,10456,7477,6730,0.6436495791889824,0.7150918133129304,free_living,p__Pseudomonadota
s__Exiguobacterium_A_indicum--RS_GCF_001939065.1,6668,4794,4277,0.6414217156568687,0.7189562087582484,free_living,p__Bacillota
s__UBA1328_sp018673955--GB_GCA_018673955.1,4682,2442,2395,0.5115335326783426,0.5215719777872704,free_living,p__Chloroflexota
s__UBA9659_sp018665025--GB_GCA_018665025.1,9528,5807,5651,0.5930940386230059,0.6094668345927792,free_living,p__Pseudomonadota
s__Fen-1087_sp003161855--GB_GCA_003161855.1,11318,5416,5250,0.4638628732991695,0.47852977557872417,free_living,p__Desulfobacterota
s__Ligilactobacillus_aviarius_B--RS_GCF_001654615.1,2032,1573,1493,0.734744094488189,0.7741141732283464,host_associated,p__Bacillota
s__Treponema_pallidum--RS_GCF_000410535.2,2659,1267,1157,0.4351259872132381,0.4764949229033471,host_associated,p__Spirochaetota
s__Pantoea_stewartii--RS_GCF_008801695.1,12057,8822,7593,0.6297586464294601,0.731691133781206,host_associated,p__Pseudomonadota
s__Flavobacterium_psychrophilum--RS_GCF_002217405.1,11074,5698,4739,0.4279393173198483,0.5145385587863464,host_associated,p__Bacteroidota
s__Stenotrophomonas_maltophilia_G--RS_GCF_002138415.1,8105,5836,5198,0.6413325107958051,0.7200493522516965,host_associated,p__Pseudomonadota
s__Carnobacterium_divergens--RS_GCF_000744255.1,3898,3077,2807,0.720112878399179,0.7893791688045151,host_associated,p__Bacillota
s__Neisseria_gonorrhoeae--RS_GCF_003315235.1,19895,5506,5272,0.2649912038200553,0.27675295300326713,host_associated,p__Pseudomonadota
s__Onthocola_B_sp900544625--GB_GCA_900544625.1,2911,1421,1320,0.45345242184816215,0.4881484026107867,host_associated,p__Bacillota
s__Ruminococcus_E_sp900319655--GB_GCA_900319655.1,12491,6058,5655,0.4527259626931391,0.48498919221839726,host_associated,p__Bacillota_A
s__Dialister_sp000434475--GB_GCA_000434475.1,11334,6103,5550,0.4896770778189518,0.538468325392624,host_associated,p__Bacillota_C
s__Bacteroides_intestinigallinarum--RS_GCF_014334015.1,14655,10755,9468,0.6460593654042989,0.7338792221084954,host_associated,p__Bacteroidota
s__Marisimplicoccus_sp014239615--GB_GCA_018646865.1,2813,1866,1809,0.6430856736580164,0.663348738002133,free_living,p__Bacteroidota
s__Rhodococcus_sp000954115--RS_GCF_000954115.1,9320,7349,6486,0.6959227467811159,0.788519313304721,host_associated,p__Actinomycetota
s__Mesorhizobium_sp004791585--RS_GCF_004791585.1,16880,9485,8748,0.5182464454976303,0.5619075829383886,host_associated,p__Pseudomonadota
s__Agathobacter_sp900543445--GB_GCA_900543445.1,6658,4559,4103,0.6162511264644037,0.6847401622108741,host_associated,p__Bacillota_A
s__UBA1436_sp900541355--GB_GCA_900541355.1,3755,1604,1500,0.3994673768308921,0.42716378162450064,host_associated,p__Elusimicrobiota
s__Lentilactobacillus_parabuchneri--RS_GCF_001435315.1,5270,3973,3378,0.6409867172675522,0.7538899430740038,host_associated,p__Bacillota
s__Faecousia_sp900316335--GB_GCA_900316335.1,6287,3418,3269,0.5199618259901384,0.5436615237792269,host_associated,p__Bacillota_A
s__Sulfuritalea_sp903848955--GB_GCA_903848955.1,10067,6011,5753,0.5714711433396246,0.597099433793583,free_living,p__Pseudomonadota
s__Limnohabitans_sp903828695--GB_GCA_903828695.1,8017,4536,4369,0.5449669452413621,0.5657976799301484,free_living,p__Pseudomonadota
s__Polynucleobacter_asymbioticus--RS_GCF_000016345.1,3726,2975,2718,0.7294685990338164,0.798443370907139,free_living,p__Pseudomonadota
s__CAG-302_sp934162325--GB_GCA_934162325.1,4016,1627,1542,0.3839641434262948,0.4051294820717131,host_associated,p__Bacillota
s__Thiopontia_sp018648825--GB_GCA_018648825.1,6451,3674,3457,0.5358859091613704,0.5695241047899551,free_living,p__Pseudomonadota
s__Corynebacterium_gottingense--RS_GCF_003693265.1,4034,3044,2706,0.6707982151710461,0.7545860188398612,host_associated,p__Actinomycetota
s__Citrobacter_A_amalonaticus--RS_GCF_018323885.1,21386,15154,12775,0.5973534087720939,0.7085944075563453,host_associated,p__Pseudomonadota
s__Prevotella_sp900316645--GB_GCA_900316645.1,11436,6088,5584,0.4882826162994054,0.5323539699195523,host_associated,p__Bacteroidota
s__RUG626_sp900317385--GB_GCA_900317385.1,5163,2684,2581,0.4999031570792175,0.5198527987604106,host_associated,p__Bacillota_A
s__UBA953_sp002470605--GB_GCA_002470605.1,7012,3316,3194,0.4555048488305762,0.47290359383913294,free_living,p__Verrucomicrobiota
s__Cryptobacteroides_sp000433355--GB_GCA_000433355.1,16464,7864,7122,0.4325801749271137,0.4776482021379981,host_associated,p__Bacteroidota
s__Escherichia_marmotae--RS_GCF_002900365.1,20511,11961,10293,0.5018282872604943,0.5831505046072839,host_associated,p__Pseudomonadota
s__OPU3-GD-OMZ_sp001901525--GB_GCA_001901525.1,6794,3719,3609,0.5312040035325287,0.5473947600824257,free_living,p__Pseudomonadota
s__Rhodobacter_F_sp020250445--GB_GCA_020250445.1,9013,5638,5244,0.58182625097082,0.6255408853877732,free_living,p__Pseudomonadota
s__Casp-actino8_sp009923785--GB_GCA_009923785.1,4161,2723,2649,0.6366258111031002,0.6544099975967316,free_living,p__Actinomycetota
s__Methyloprofundus_sp020996635--GB_GCA_020996635.1,3542,2209,2088,0.5894974590626765,0.6236589497459063,host_associated,p__Pseudomonadota
s__Pseudomonas_E_syringae_M--RS_GCF_009176725.1,29917,16149,14284,0.47745429020289465,0.5397934284854765,host_associated,p__Pseudomonadota
s__Halobacterium_salinarum--RS_GCF_008124605.1,4457,3232,2581,0.5790890733677362,0.725151447161768,free_living,p__Halobacteriota
s__Corynebacterium_minutissimum_A--RS_GCF_000988205.1,6068,4036,3481,0.5736651285431773,0.6651285431773236,host_associated,p__Actinomycetota
s__Colwellia_A_sp001767295--RS_GCF_001767295.1,7897,5466,4923,0.6234012916297328,0.6921615803469672,free_living,p__Pseudomonadota
s__Pantoea_anthophila--RS_GCF_006494375.1,9396,6956,6317,0.6723073648361004,0.7403150276713495,host_associated,p__Pseudomonadota
s__UBA3263_sp001689615--GB_GCA_011959405.1,3916,2582,2401,0.6131256384065373,0.6593462717058223,host_associated,p__Bacteroidota
s__Schaedlerella_sp900066545--GB_GCA_003480425.1,12502,9087,7965,0.6370980643097105,0.7268437050071989,host_associated,p__Bacillota_A
s__Coprococcus_sp900066115--RS_GCF_003461625.1,11683,7261,6408,0.5484892578960884,0.6215013267140289,host_associated,p__Bacillota_A
s__Eubacterium_G_sp000432355--RS_GCF_003479405.1,6869,4137,3769,0.5486970446935507,0.6022710729363808,host_associated,p__Bacillota_A
s__F1-60-MAGs104_sp903961015--GB_GCA_903961015.1,7502,2786,2704,0.3604372167422021,0.3713676352972541,free_living,p__Planctomycetota
s__Phocaeicola_coprocola--RS_GCF_000154845.1,15238,10774,8944,0.5869536684604278,0.7070481690510566,host_associated,p__Bacteroidota
s__Microthrix_parvicella--RS_GCF_000299415.1,11674,5565,5201,0.44551995888298784,0.47670035977385644,free_living,p__Actinomycetota
s__Cronobacter_turicensis--GB_GCA_000027065.2,7583,6113,5501,0.7254384808123434,0.8061453250692339,host_associated,p__Pseudomonadota
s__UBA9934_sp003453595--GB_GCA_003453595.1,1258,589,576,0.4578696343402226,0.4682034976152623,free_living,p__Patescibacteria
s__UBA3125_sp018673475--GB_GCA_018673475.1,2669,1989,1931,0.7234919445485201,0.7452229299363057,free_living,p__Actinomycetota
s__Pseudomonas_E_mendocina--RS_GCF_900636545.1,8045,6854,6081,0.7558732131758856,0.8519577377252953,free_living,p__Pseudomonadota
s__Helicobacter_E_bizzozeronii--GB_GCA_000263275.1,4155,2115,1988,0.47845968712394704,0.5090252707581228,host_associated,p__Campylobacterota
s__Mesorhizobium_sp004020645--GB_GCA_004020645.1,17112,10471,9634,0.5629967274427302,0.6119097709209911,host_associated,p__Pseudomonadota
s__Vibrio_cyclitrophicus--GB_GCA_024347435.1,18945,11788,9912,0.5231987331749802,0.6222222222222222,free_living,p__Pseudomonadota
s__CAG-433_sp900546245--GB_GCA_900546245.1,3574,1673,1557,0.4356463346390599,0.4681029658645775,host_associated,p__Bacillota
s__RUG572_sp900547945--GB_GCA_900547945.1,6441,2608,2469,0.3833255705635771,0.4049060704859494,host_associated,p__Verrucomicrobiota
s__Onthomorpha_sp004551865--GB_GCA_004551865.1,8112,3665,3390,0.41789940828402367,0.45179980276134124,host_associated,p__Bacteroidota
s__Bulleidia_massiliensis--RS_GCF_900343155.1,7385,4278,4049,0.5482735274204469,0.5792823290453623,host_associated,p__Bacillota
s__Limosilactobacillus_reuteri_E--RS_GCF_013694365.1,12754,6560,5728,0.44911400344989805,0.5143484397051905,host_associated,p__Bacillota
s__Bacteroides_acidifaciens--RS_GCF_024623065.1,11169,7879,6617,0.5924433700420808,0.7054346852896409,host_associated,p__Bacteroidota
s__Coprococcus_A_catus_A--RS_GCF_902381825.1,9129,6524,5814,0.6368715083798883,0.7146456347902289,host_associated,p__Bacillota_A
s__Stenotrophomonas_maltophilia_AJ--RS_GCF_001274595.1,10201,6644,5874,0.5758258994216253,0.6513086952259582,host_associated,p__Pseudomonadota
s__Okeania_hirsuta--RS_GCF_003838195.1,15815,7548,6750,0.4268099905153335,0.47726841606070186,free_living,p__Cyanobacteriota
s__Brevibacterium_ravenspurgense--RS_GCF_001584615.1,3738,2900,2659,0.7113429641519529,0.7758159443552702,host_associated,p__Actinomycetota
s__Pseudomonas_E_allokribbensis--RS_GCF_014863605.1,7919,6610,6073,0.7668897588079303,0.8347013511807047,free_living,p__Pseudomonadota
s__Pseudomonas_E_veronii--RS_GCF_001439695.1,23509,15934,13630,0.5797779573780254,0.6777829767323152,free_living,p__Pseudomonadota
s__Actinobacillus_lignieresii--RS_GCF_900444945.1,6052,4312,3942,0.6513549239920687,0.712491738268341,host_associated,p__Pseudomonadota
s__Francisella_orientalis--RS_GCF_001042525.2,4022,2417,2323,0.5775733465937345,0.6009448035803083,host_associated,p__Pseudomonadota
s__Photobacterium_carnosum--RS_GCF_002849605.1,8297,6006,5275,0.6357719657707606,0.7238760997951067,host_associated,p__Pseudomonadota
s__MED-G52_sp001627925--GB_GCA_001627925.1,5991,4092,3963,0.6614922383575363,0.6830245368052078,free_living,p__Pseudomonadota
s__Citrobacter_youngae--RS_GCF_003818115.1,18137,12834,10686,0.5891823344544301,0.7076142691735127,host_associated,p__Pseudomonadota
s__Bulleidia_intestinalis--RS_GCF_009696165.1,7994,4587,4291,0.5367775831873906,0.5738053540155116,host_associated,p__Bacillota
s__Cryptobacteroides_sp900319685--GB_GCA_900319685.1,10285,5290,5047,0.4907146329606223,0.5143412736995625,host_associated,p__Bacteroidota
s__Megasphaera_elsdenii--RS_GCF_003010495.1,10571,6420,5797,0.5483870967741935,0.6073219184561536,host_associated,p__Bacillota_C
s__Streptococcus_mutans--RS_GCF_006739205.1,8475,4635,4263,0.5030088495575221,0.5469026548672566,host_associated,p__Bacillota
s__Alloprevotella_timonensis--RS_GCF_900106785.1,13137,5491,4875,0.37108928979219,0.41797975184593134,host_associated,p__Bacteroidota
s__Methanothrix_soehngenii--RS_GCF_000204415.1,10544,3952,3729,0.3536608497723824,0.37481031866464337,free_living,p__Halobacteriota
s__Porphyromonas_gulae--RS_GCF_000378065.1,5512,3363,2987,0.5419085631349783,0.6101233671988389,host_associated,p__Bacteroidota
s__Xanthomonas_oryzae--RS_GCF_004136375.1,30376,12054,11255,0.37052278114300763,0.3968264419278378,host_associated,p__Pseudomonadota
s__Acinetobacter_venetianus--RS_GCF_000368585.1,12370,8757,7070,0.5715440582053355,0.7079223928860146,free_living,p__Pseudomonadota
s__Bacillus_pumilus--RS_GCF_900186955.1,21806,9628,7931,0.3637072365404017,0.44152985416857743,free_living,p__Bacillota
s__Marihabitans_melonis--RS_GCF_020567375.1,6628,4399,4052,0.6113458056729029,0.6636994568497284,host_associated,p__Actinomycetota
s__Rhizobium_lusitanum--RS_GCF_900094565.1,13982,11325,10225,0.7312973823487341,0.8099699613789157,host_associated,p__Pseudomonadota
s__Lactobacillus_iners--RS_GCF_000160875.1,8582,4503,4182,0.4872989979025868,0.5247028664646936,host_associated,p__Bacillota
s__Pseudanabaena_sp020404895--GB_GCA_020404895.1,9314,5766,5120,0.549710113807172,0.6190680695726862,free_living,p__Cyanobacteriota
s__Trichormus_variabilis--RS_GCF_009856605.1,7210,5729,4910,0.680998613037448,0.7945908460471567,host_associated,p__Cyanobacteriota
s__Gordonia_paraffinivorans--RS_GCF_000344155.1,7328,5662,5060,0.6905021834061136,0.7726528384279476,host_associated,p__Actinomycetota
s__Pseudomonas_E_gessardii--RS_GCF_001983165.1,11897,9063,8120,0.6825250063041103,0.7617886862234177,host_associated,p__Pseudomonadota
s__Alloprevotella_sp900541575--GB_GCA_900541575.1,9781,5231,4500,0.460075656885799,0.5348123913710254,host_associated,p__Bacteroidota
s__CAG-267_sp001917135--GB_GCA_001917135.1,3996,1781,1634,0.4089089089089089,0.44569569569569567,host_associated,p__Pseudomonadota
s__Roseburia_inulinivorans--RS_GCF_000174195.1,30087,19218,16775,0.5575497723269186,0.638747631867584,host_associated,p__Bacillota_A
s__CAG-485_sp002361215--GB_GCA_910573745.1,4791,3061,2651,0.5533291588394907,0.6389062826132331,host_associated,p__Bacteroidota
s__Alteromonas_sp002335925--GB_GCA_002339125.1,13049,7822,7422,0.5687792167982221,0.5994329067361484,free_living,p__Pseudomonadota
s__Stenotrophomonas_maltophilia_A--RS_GCF_004346925.1,17092,9924,8633,0.5050901006318745,0.5806225134565879,host_associated,p__Pseudomonadota
s__Hafnia_alvei--RS_GCF_000735375.1,12142,8770,7710,0.634985999011695,0.722286279031461,host_associated,p__Pseudomonadota
s__Rhabdaerophilum_sp020252645--GB_GCA_020252645.1,4822,3673,3546,0.7353795105765243,0.7617171298216507,free_living,p__Pseudomonadota
s__Streptomyces_sp000213055--RS_GCF_000213055.1,19634,10850,9315,0.4744321075685036,0.5526128145054497,host_associated,p__Actinomycetota
s__Azotobacter_chroococcum--RS_GCF_004339665.1,8637,6534,5973,0.691559569294894,0.756512678013199,free_living,p__Pseudomonadota
s__Mesorhizobium_mediterraneum_A--RS_GCF_002284565.1,19748,12074,11007,0.5573728985213693,0.6114036864492607,host_associated,p__Pseudomonadota
s__OLB13_sp001567485--GB_GCA_001567485.1,10826,4090,3946,0.36449288749307224,0.37779419915019397,free_living,p__Chloroflexota
s__Akkermansia_muciniphila--RS_GCF_000020225.1,19835,6869,6330,0.31913284597932945,0.3463070330224351,host_associated,p__Verrucomicrobiota
s__Hornefia_butyriciproducens--RS_GCF_009695915.1,8061,5069,4753,0.5896290782781293,0.6288301699541,host_associated,p__Bacillota_A
s__AAA044-D11_sp903871555--GB_GCA_903871555.1,4807,2853,2815,0.5856043270230913,0.5935094653630123,free_living,p__Actinomycetota
s__Thomasclavelia_spiroformis--GB_GCA_025149465.1,8446,5604,5020,0.5943641960691451,0.6635093535401373,host_associated,p__Bacillota
s__Prevotella_nanceiensis--RS_GCF_000379965.1,4718,2991,2695,0.5712166172106825,0.6339550657058075,host_associated,p__Bacteroidota
s__Pseudomonas_E_bubulae--RS_GCF_900618535.1,12297,8099,7219,0.5870537529478734,0.6586159225827437,host_associated,p__Pseudomonadota
s__Pseudomonas_E_avellanae--RS_GCF_000444135.1,63154,26309,22670,0.35896380276783735,0.41658485606612405,host_associated,p__Pseudomonadota
s__Tenacibaculum_finnmarkense--RS_GCF_900239495.1,5936,3886,3231,0.5443059299191375,0.6546495956873315,host_associated,p__Bacteroidota
s__Collinsella_sp003459245--RS_GCF_003459245.1,5429,3652,3357,0.6183459200589427,0.6726837354945662,host_associated,p__Actinomycetota
s__Desulfovibrio_sp900319575--GB_GCA_900319575.1,4224,2613,2436,0.5767045454545454,0.6186079545454546,host_associated,p__Desulfobacterota
s__Prevotella_sp900548195--GB_GCA_900548195.1,10256,5286,4842,0.4721138845553822,0.515405616224649,host_associated,p__Bacteroidota
s__Prevotella_sp900318625--GB_GCA_900318625.1,14668,6341,6044,0.4120534496863921,0.43230160894464137,host_associated,p__Bacteroidota
s__UBA4285_sp900314255--GB_GCA_900314255.1,3496,2863,2665,0.7622997711670481,0.8189359267734554,host_associated,p__Bacillota_A
s__PALSA-747_sp903916385--GB_GCA_903916385.1,3386,2169,2130,0.629060838747785,0.6405788541051388,free_living,p__Actinomycetota
s__Methylobacter_A_sp903832775--GB_GCA_903832775.1,8371,4640,4304,0.5141560148130451,0.5542945884601601,free_living,p__Pseudomonadota
s__CAIVAT01_sp903945175--GB_GCA_903945175.1,9017,4689,4420,0.4901852057225241,0.5200177442608407,free_living,p__Bacteroidota
s__Actinomyces_graevenitzii--RS_GCF_000239695.1,4743,2837,2521,0.5315201349356947,0.5981446341977651,host_associated,p__Actinomycetota
s__Pseudomonas_B_oryzihabitans--RS_GCF_000730625.1,18535,12054,11217,0.605179390342595,0.650337199892096,host_associated,p__Pseudomonadota
s__UBA12075_sp003514005--GB_GCA_003514005.1,1280,698,675,0.52734375,0.5453125,free_living,p__Patescibacteria
s__GCA-2722105_sp018692355--GB_GCA_018692355.1,6968,3429,3317,0.4760332950631458,0.49210677382319173,free_living,p__Marinisomatota
s__Pseudomonas_E_gingeri_B--RS_GCF_013386115.1,11562,8650,7962,0.6886351842241827,0.7481404601280055,host_associated,p__Pseudomonadota
s__Mycobacterium_persicum--RS_GCF_002086675.1,8019,5767,5139,0.6408529741863075,0.7191669784262377,host_associated,p__Actinomycetota
s__Vibrio_lentus--RS_GCF_014878155.1,23082,13685,11463,0.49662074343644397,0.5928862316956937,free_living,p__Pseudomonadota
s__Kuenenia_stuttgartiensis_A--RS_GCF_900232105.1,7321,3803,3494,0.4772572052998224,0.5194645540226746,free_living,p__Planctomycetota
s__Streptococcus_lactarius--RS_GCF_016642265.1,3636,2868,2499,0.6872937293729373,0.7887788778877888,host_associated,p__Bacillota
s__Angelakisella_sp900547385--GB_GCA_900547385.1,3820,2413,2205,0.5772251308900523,0.631675392670157,host_associated,p__Bacillota_A
s__Clostridium_sp000435835--GB_GCA_000435835.1,6783,4399,4031,0.5942798171900339,0.6485330974495062,host_associated,p__Bacillota_A
s__Microbacterium_luteum--RS_GCF_015277875.1,9197,5755,5269,0.5729042078938784,0.6257475263672937,free_living,p__Actinomycetota
s__OLB6_sp001567175--GB_GCA_015709655.1,4653,2229,2128,0.45733935095637224,0.47904577691811734,free_living,p__Bacteroidota
s__Microcystis_wesenbergii--RS_GCF_014696875.1,12109,7341,6226,0.5141630192418862,0.6062432901147906,free_living,p__Cyanobacteriota
s__Ralstonia_syzygii--GB_GCA_919592095.1,9852,6897,6111,0.6202801461632156,0.7000609013398295,host_associated,p__Pseudomonadota
s__Leuconostoc_inhae--GB_GCA_000166735.2,5289,3974,3243,0.6131593874078276,0.7513707695216487,host_associated,p__Bacillota
s__Orientia_tsutsugamushi--RS_GCF_900327275.1,7140,1789,1717,0.24047619047619048,0.25056022408963585,host_associated,p__Pseudomonadota
s__Anaplasma_marginale--RS_GCF_000215485.1,3125,1066,1046,0.33472,0.34112,host_associated,p__Pseudomonadota
s__Kocuria_rosea--RS_GCF_006094695.1,8519,5921,5404,0.6343467543138867,0.6950346284775208,host_associated,p__Actinomycetota
s__Rhizobium_laguerreae--RS_GCF_002008165.1,54492,31611,26304,0.48271305879762166,0.5801035014314028,host_associated,p__Pseudomonadota
s__Acetobacter_persici--RS_GCF_000613905.1,9530,5535,5189,0.5444910807974817,0.580797481636936,host_associated,p__Pseudomonadota
s__Acinetobacter_baumannii_B--RS_GCF_016508585.1,4202,3685,3118,0.7420276059019515,0.8769633507853403,host_associated,p__Pseudomonadota
